
> @utxo-pilot/backend@0.1.0 dev
> tsx watch src/index.ts

(node:2264) [DEP0040] DeprecationWarning: The `punycode` module is deprecated. Please use a userland alternative instead.
(Use `node --trace-deprecation ...` to show where the warning was created)
{"level":30,"time":1780404629364,"pid":2264,"hostname":"DESKTOP-HFFR74R","msg":"Server listening at http://127.0.0.1:3001"}
UTXO Pilot backend listening on http://127.0.0.1:3001
{"level":30,"time":1780404666724,"pid":2264,"hostname":"DESKTOP-HFFR74R","reqId":"req-1","req":{"method":"GET","url":"/api/health"},"msg":"incoming request"}
{"level":30,"time":1780404666728,"pid":2264,"hostname":"DESKTOP-HFFR74R","reqId":"req-1","res":{"statusCode":200},"responseTime":3.556199997663498,"msg":"request completed"}
{"level":30,"time":1780404667000,"pid":2264,"hostname":"DESKTOP-HFFR74R","reqId":"req-2","req":{"method":"GET","url":"/api/wallets"},"msg":"incoming request"}
{"level":30,"time":1780404667000,"pid":2264,"hostname":"DESKTOP-HFFR74R","reqId":"req-2","res":{"statusCode":200},"responseTime":0.5154999941587448,"msg":"request completed"}
{"level":30,"time":1780404774568,"pid":2264,"hostname":"DESKTOP-HFFR74R","reqId":"req-3","req":{"method":"GET","url":"/api/wallets/1/balance"},"msg":"incoming request"}
{"level":30,"time":1780404774569,"pid":2264,"hostname":"DESKTOP-HFFR74R","reqId":"req-3","res":{"statusCode":200},"responseTime":0.7327999994158745,"msg":"request completed"}
{"level":30,"time":1780404774831,"pid":2264,"hostname":"DESKTOP-HFFR74R","reqId":"req-4","req":{"method":"GET","url":"/api/wallets/1/utxos?spent=false"},"msg":"incoming request"}
{"level":30,"time":1780404774831,"pid":2264,"hostname":"DESKTOP-HFFR74R","reqId":"req-4","res":{"statusCode":200},"responseTime":0.6508000046014786,"msg":"request completed"}
{"level":30,"time":1780404852198,"pid":2264,"hostname":"DESKTOP-HFFR74R","reqId":"req-5","req":{"method":"GET","url":"/api/fees"},"msg":"incoming request"}
{"level":30,"time":1780404852233,"pid":2264,"hostname":"DESKTOP-HFFR74R","reqId":"req-6","req":{"method":"GET","url":"/api/wallets/1"},"msg":"incoming request"}
{"level":30,"time":1780404852234,"pid":2264,"hostname":"DESKTOP-HFFR74R","reqId":"req-6","res":{"statusCode":200},"responseTime":0.8654000014066696,"msg":"request completed"}
{"level":30,"time":1780404852234,"pid":2264,"hostname":"DESKTOP-HFFR74R","reqId":"req-7","req":{"method":"GET","url":"/api/wallets/1/balance"},"msg":"incoming request"}
{"level":30,"time":1780404852235,"pid":2264,"hostname":"DESKTOP-HFFR74R","reqId":"req-7","res":{"statusCode":200},"responseTime":0.5151999965310097,"msg":"request completed"}
{"level":30,"time":1780404852235,"pid":2264,"hostname":"DESKTOP-HFFR74R","reqId":"req-8","req":{"method":"GET","url":"/api/wallets/1/sync/status"},"msg":"incoming request"}
{"level":30,"time":1780404852236,"pid":2264,"hostname":"DESKTOP-HFFR74R","reqId":"req-8","res":{"statusCode":200},"responseTime":0.4107000008225441,"msg":"request completed"}
{"level":30,"time":1780404852236,"pid":2264,"hostname":"DESKTOP-HFFR74R","reqId":"req-9","req":{"method":"GET","url":"/api/wallets"},"msg":"incoming request"}
{"level":30,"time":1780404852237,"pid":2264,"hostname":"DESKTOP-HFFR74R","reqId":"req-9","res":{"statusCode":200},"responseTime":0.6028000041842461,"msg":"request completed"}
{"level":30,"time":1780404852237,"pid":2264,"hostname":"DESKTOP-HFFR74R","reqId":"req-a","req":{"method":"GET","url":"/api/settings"},"msg":"incoming request"}
{"level":30,"time":1780404852238,"pid":2264,"hostname":"DESKTOP-HFFR74R","reqId":"req-a","res":{"statusCode":200},"responseTime":0.7439999952912331,"msg":"request completed"}
{"level":30,"time":1780404852387,"pid":2264,"hostname":"DESKTOP-HFFR74R","reqId":"req-5","res":{"statusCode":200},"responseTime":188.777000002563,"msg":"request completed"}
{"level":30,"time":1780404867247,"pid":2264,"hostname":"DESKTOP-HFFR74R","reqId":"req-b","req":{"method":"GET","url":"/api/wallets/1/balance"},"msg":"incoming request"}
{"level":30,"time":1780404867247,"pid":2264,"hostname":"DESKTOP-HFFR74R","reqId":"req-b","res":{"statusCode":200},"responseTime":0.3256000056862831,"msg":"request completed"}
{"level":30,"time":1780404871402,"pid":2264,"hostname":"DESKTOP-HFFR74R","reqId":"req-c","req":{"method":"GET","url":"/api/fees"},"msg":"incoming request"}
{"level":30,"time":1780404871403,"pid":2264,"hostname":"DESKTOP-HFFR74R","reqId":"req-c","res":{"statusCode":200},"responseTime":0.4538999944925308,"msg":"request completed"}
{"level":30,"time":1780404871403,"pid":2264,"hostname":"DESKTOP-HFFR74R","reqId":"req-d","req":{"method":"GET","url":"/api/wallets/1"},"msg":"incoming request"}
{"level":30,"time":1780404871404,"pid":2264,"hostname":"DESKTOP-HFFR74R","reqId":"req-d","res":{"statusCode":200},"responseTime":0.7567000016570091,"msg":"request completed"}
{"level":30,"time":1780404871408,"pid":2264,"hostname":"DESKTOP-HFFR74R","reqId":"req-e","req":{"method":"GET","url":"/api/wallets/1/balance"},"msg":"incoming request"}
{"level":30,"time":1780404871408,"pid":2264,"hostname":"DESKTOP-HFFR74R","reqId":"req-e","res":{"statusCode":200},"responseTime":0.6290999948978424,"msg":"request completed"}
{"level":30,"time":1780404871409,"pid":2264,"hostname":"DESKTOP-HFFR74R","reqId":"req-f","req":{"method":"GET","url":"/api/wallets/1/sync/status"},"msg":"incoming request"}
{"level":30,"time":1780404871409,"pid":2264,"hostname":"DESKTOP-HFFR74R","reqId":"req-f","res":{"statusCode":200},"responseTime":0.36719999462366104,"msg":"request completed"}
{"level":30,"time":1780404871410,"pid":2264,"hostname":"DESKTOP-HFFR74R","reqId":"req-g","req":{"method":"GET","url":"/api/wallets"},"msg":"incoming request"}
{"level":30,"time":1780404871411,"pid":2264,"hostname":"DESKTOP-HFFR74R","reqId":"req-g","res":{"statusCode":200},"responseTime":0.306599996984005,"msg":"request completed"}
{"level":30,"time":1780404871411,"pid":2264,"hostname":"DESKTOP-HFFR74R","reqId":"req-h","req":{"method":"GET","url":"/api/settings"},"msg":"incoming request"}
{"level":30,"time":1780404871411,"pid":2264,"hostname":"DESKTOP-HFFR74R","reqId":"req-h","res":{"statusCode":200},"responseTime":0.6402000039815903,"msg":"request completed"}
{"level":30,"time":1780404885750,"pid":2264,"hostname":"DESKTOP-HFFR74R","reqId":"req-i","req":{"method":"GET","url":"/api/wallets/1/balance"},"msg":"incoming request"}
{"level":30,"time":1780404885751,"pid":2264,"hostname":"DESKTOP-HFFR74R","reqId":"req-i","res":{"statusCode":200},"responseTime":0.523499995470047,"msg":"request completed"}
{"level":30,"time":1780404886430,"pid":2264,"hostname":"DESKTOP-HFFR74R","reqId":"req-j","req":{"method":"GET","url":"/api/wallets/1/balance"},"msg":"incoming request"}
{"level":30,"time":1780404886430,"pid":2264,"hostname":"DESKTOP-HFFR74R","reqId":"req-j","res":{"statusCode":200},"responseTime":0.34940000623464584,"msg":"request completed"}
{"level":30,"time":1780404889499,"pid":2264,"hostname":"DESKTOP-HFFR74R","reqId":"req-k","req":{"method":"GET","url":"/api/fees"},"msg":"incoming request"}
{"level":30,"time":1780404889499,"pid":2264,"hostname":"DESKTOP-HFFR74R","reqId":"req-k","res":{"statusCode":200},"responseTime":0.2298000007867813,"msg":"request completed"}
{"level":30,"time":1780404889499,"pid":2264,"hostname":"DESKTOP-HFFR74R","reqId":"req-l","req":{"method":"GET","url":"/api/wallets/1"},"msg":"incoming request"}
{"level":30,"time":1780404889500,"pid":2264,"hostname":"DESKTOP-HFFR74R","reqId":"req-l","res":{"statusCode":200},"responseTime":0.3619999960064888,"msg":"request completed"}
{"level":30,"time":1780404889503,"pid":2264,"hostname":"DESKTOP-HFFR74R","reqId":"req-m","req":{"method":"GET","url":"/api/wallets/1/balance"},"msg":"incoming request"}
{"level":30,"time":1780404889503,"pid":2264,"hostname":"DESKTOP-HFFR74R","reqId":"req-m","res":{"statusCode":200},"responseTime":0.37640000134706497,"msg":"request completed"}
{"level":30,"time":1780404889504,"pid":2264,"hostname":"DESKTOP-HFFR74R","reqId":"req-n","req":{"method":"GET","url":"/api/wallets/1/sync/status"},"msg":"incoming request"}
{"level":30,"time":1780404889504,"pid":2264,"hostname":"DESKTOP-HFFR74R","reqId":"req-n","res":{"statusCode":200},"responseTime":0.36650000512599945,"msg":"request completed"}
{"level":30,"time":1780404889504,"pid":2264,"hostname":"DESKTOP-HFFR74R","reqId":"req-o","req":{"method":"GET","url":"/api/wallets"},"msg":"incoming request"}
{"level":30,"time":1780404889505,"pid":2264,"hostname":"DESKTOP-HFFR74R","reqId":"req-o","res":{"statusCode":200},"responseTime":0.4611999988555908,"msg":"request completed"}
{"level":30,"time":1780404889505,"pid":2264,"hostname":"DESKTOP-HFFR74R","reqId":"req-p","req":{"method":"GET","url":"/api/settings"},"msg":"incoming request"}
{"level":30,"time":1780404889506,"pid":2264,"hostname":"DESKTOP-HFFR74R","reqId":"req-p","res":{"statusCode":200},"responseTime":0.3691999986767769,"msg":"request completed"}
{"level":30,"time":1780404904520,"pid":2264,"hostname":"DESKTOP-HFFR74R","reqId":"req-q","req":{"method":"GET","url":"/api/wallets/1/balance"},"msg":"incoming request"}
{"level":30,"time":1780404904520,"pid":2264,"hostname":"DESKTOP-HFFR74R","reqId":"req-q","res":{"statusCode":200},"responseTime":0.36959999799728394,"msg":"request completed"}
{"level":30,"time":1780404919536,"pid":2264,"hostname":"DESKTOP-HFFR74R","reqId":"req-r","req":{"method":"GET","url":"/api/wallets/1/balance"},"msg":"incoming request"}
{"level":30,"time":1780404919537,"pid":2264,"hostname":"DESKTOP-HFFR74R","reqId":"req-r","res":{"statusCode":200},"responseTime":0.4636000022292137,"msg":"request completed"}
{"level":30,"time":1780404934549,"pid":2264,"hostname":"DESKTOP-HFFR74R","reqId":"req-s","req":{"method":"GET","url":"/api/wallets/1/balance"},"msg":"incoming request"}
{"level":30,"time":1780404934550,"pid":2264,"hostname":"DESKTOP-HFFR74R","reqId":"req-s","res":{"statusCode":200},"responseTime":0.4992000013589859,"msg":"request completed"}
{"level":30,"time":1780404949505,"pid":2264,"hostname":"DESKTOP-HFFR74R","reqId":"req-t","req":{"method":"GET","url":"/api/fees"},"msg":"incoming request"}
{"level":30,"time":1780404949567,"pid":2264,"hostname":"DESKTOP-HFFR74R","reqId":"req-u","req":{"method":"GET","url":"/api/wallets/1/balance"},"msg":"incoming request"}
{"level":30,"time":1780404949567,"pid":2264,"hostname":"DESKTOP-HFFR74R","reqId":"req-u","res":{"statusCode":200},"responseTime":0.3700999990105629,"msg":"request completed"}
{"level":30,"time":1780404949628,"pid":2264,"hostname":"DESKTOP-HFFR74R","reqId":"req-t","res":{"statusCode":200},"responseTime":122.05299999564886,"msg":"request completed"}
{"level":30,"time":1780404964587,"pid":2264,"hostname":"DESKTOP-HFFR74R","reqId":"req-v","req":{"method":"GET","url":"/api/wallets/1/balance"},"msg":"incoming request"}
{"level":30,"time":1780404964588,"pid":2264,"hostname":"DESKTOP-HFFR74R","reqId":"req-v","res":{"statusCode":200},"responseTime":0.5187000036239624,"msg":"request completed"}
{"level":30,"time":1780404979601,"pid":2264,"hostname":"DESKTOP-HFFR74R","reqId":"req-w","req":{"method":"GET","url":"/api/wallets/1/balance"},"msg":"incoming request"}
{"level":30,"time":1780404979601,"pid":2264,"hostname":"DESKTOP-HFFR74R","reqId":"req-w","res":{"statusCode":200},"responseTime":0.3601999953389168,"msg":"request completed"}
{"level":30,"time":1780404994619,"pid":2264,"hostname":"DESKTOP-HFFR74R","reqId":"req-x","req":{"method":"GET","url":"/api/wallets/1/balance"},"msg":"incoming request"}
{"level":30,"time":1780404994619,"pid":2264,"hostname":"DESKTOP-HFFR74R","reqId":"req-x","res":{"statusCode":200},"responseTime":0.3119000047445297,"msg":"request completed"}
{"level":30,"time":1780405009628,"pid":2264,"hostname":"DESKTOP-HFFR74R","reqId":"req-y","req":{"method":"GET","url":"/api/wallets/1/balance"},"msg":"incoming request"}
{"level":30,"time":1780405009628,"pid":2264,"hostname":"DESKTOP-HFFR74R","reqId":"req-y","res":{"statusCode":200},"responseTime":0.37539999932050705,"msg":"request completed"}
{"level":30,"time":1780405009631,"pid":2264,"hostname":"DESKTOP-HFFR74R","reqId":"req-z","req":{"method":"GET","url":"/api/fees"},"msg":"incoming request"}
{"level":30,"time":1780405009752,"pid":2264,"hostname":"DESKTOP-HFFR74R","reqId":"req-z","res":{"statusCode":200},"responseTime":120.12560000270605,"msg":"request completed"}
{"level":30,"time":1780405024643,"pid":2264,"hostname":"DESKTOP-HFFR74R","reqId":"req-10","req":{"method":"GET","url":"/api/wallets/1/balance"},"msg":"incoming request"}
{"level":30,"time":1780405024643,"pid":2264,"hostname":"DESKTOP-HFFR74R","reqId":"req-10","res":{"statusCode":200},"responseTime":0.3207999989390373,"msg":"request completed"}
{"level":30,"time":1780405039648,"pid":2264,"hostname":"DESKTOP-HFFR74R","reqId":"req-11","req":{"method":"GET","url":"/api/wallets/1/balance"},"msg":"incoming request"}
{"level":30,"time":1780405039649,"pid":2264,"hostname":"DESKTOP-HFFR74R","reqId":"req-11","res":{"statusCode":200},"responseTime":0.38759999722242355,"msg":"request completed"}
{"level":30,"time":1780405054654,"pid":2264,"hostname":"DESKTOP-HFFR74R","reqId":"req-12","req":{"method":"GET","url":"/api/wallets/1/balance"},"msg":"incoming request"}
{"level":30,"time":1780405054655,"pid":2264,"hostname":"DESKTOP-HFFR74R","reqId":"req-12","res":{"statusCode":200},"responseTime":0.32010000199079514,"msg":"request completed"}
{"level":30,"time":1780405069670,"pid":2264,"hostname":"DESKTOP-HFFR74R","reqId":"req-13","req":{"method":"GET","url":"/api/wallets/1/balance"},"msg":"incoming request"}
{"level":30,"time":1780405069671,"pid":2264,"hostname":"DESKTOP-HFFR74R","reqId":"req-13","res":{"statusCode":200},"responseTime":0.49969999492168427,"msg":"request completed"}
{"level":30,"time":1780405069762,"pid":2264,"hostname":"DESKTOP-HFFR74R","reqId":"req-14","req":{"method":"GET","url":"/api/fees"},"msg":"incoming request"}
{"level":30,"time":1780405069874,"pid":2264,"hostname":"DESKTOP-HFFR74R","reqId":"req-14","res":{"statusCode":200},"responseTime":112.0701000019908,"msg":"request completed"}
{"level":30,"time":1780405084678,"pid":2264,"hostname":"DESKTOP-HFFR74R","reqId":"req-15","req":{"method":"GET","url":"/api/wallets/1/balance"},"msg":"incoming request"}
{"level":30,"time":1780405084679,"pid":2264,"hostname":"DESKTOP-HFFR74R","reqId":"req-15","res":{"statusCode":200},"responseTime":0.41019999980926514,"msg":"request completed"}
{"level":30,"time":1780405099686,"pid":2264,"hostname":"DESKTOP-HFFR74R","reqId":"req-16","req":{"method":"GET","url":"/api/wallets/1/balance"},"msg":"incoming request"}
{"level":30,"time":1780405099687,"pid":2264,"hostname":"DESKTOP-HFFR74R","reqId":"req-16","res":{"statusCode":200},"responseTime":0.5104999989271164,"msg":"request completed"}
{"level":30,"time":1780405114700,"pid":2264,"hostname":"DESKTOP-HFFR74R","reqId":"req-17","req":{"method":"GET","url":"/api/wallets/1/balance"},"msg":"incoming request"}
{"level":30,"time":1780405114701,"pid":2264,"hostname":"DESKTOP-HFFR74R","reqId":"req-17","res":{"statusCode":200},"responseTime":0.3556999936699867,"msg":"request completed"}
{"level":30,"time":1780405129715,"pid":2264,"hostname":"DESKTOP-HFFR74R","reqId":"req-18","req":{"method":"GET","url":"/api/wallets/1/balance"},"msg":"incoming request"}
{"level":30,"time":1780405129716,"pid":2264,"hostname":"DESKTOP-HFFR74R","reqId":"req-18","res":{"statusCode":200},"responseTime":0.372699998319149,"msg":"request completed"}
{"level":30,"time":1780405129885,"pid":2264,"hostname":"DESKTOP-HFFR74R","reqId":"req-19","req":{"method":"GET","url":"/api/fees"},"msg":"incoming request"}
{"level":30,"time":1780405129997,"pid":2264,"hostname":"DESKTOP-HFFR74R","reqId":"req-19","res":{"statusCode":200},"responseTime":112.51389999687672,"msg":"request completed"}
{"level":30,"time":1780405144724,"pid":2264,"hostname":"DESKTOP-HFFR74R","reqId":"req-1a","req":{"method":"GET","url":"/api/wallets/1/balance"},"msg":"incoming request"}
{"level":30,"time":1780405144725,"pid":2264,"hostname":"DESKTOP-HFFR74R","reqId":"req-1a","res":{"statusCode":200},"responseTime":0.4349999949336052,"msg":"request completed"}
{"level":30,"time":1780405159743,"pid":2264,"hostname":"DESKTOP-HFFR74R","reqId":"req-1b","req":{"method":"GET","url":"/api/wallets/1/balance"},"msg":"incoming request"}
{"level":30,"time":1780405159743,"pid":2264,"hostname":"DESKTOP-HFFR74R","reqId":"req-1b","res":{"statusCode":200},"responseTime":0.32100000232458115,"msg":"request completed"}
{"level":30,"time":1780405174755,"pid":2264,"hostname":"DESKTOP-HFFR74R","reqId":"req-1c","req":{"method":"GET","url":"/api/wallets/1/balance"},"msg":"incoming request"}
{"level":30,"time":1780405174755,"pid":2264,"hostname":"DESKTOP-HFFR74R","reqId":"req-1c","res":{"statusCode":200},"responseTime":0.38270000368356705,"msg":"request completed"}
{"level":30,"time":1780405189769,"pid":2264,"hostname":"DESKTOP-HFFR74R","reqId":"req-1d","req":{"method":"GET","url":"/api/wallets/1/balance"},"msg":"incoming request"}
{"level":30,"time":1780405189769,"pid":2264,"hostname":"DESKTOP-HFFR74R","reqId":"req-1d","res":{"statusCode":200},"responseTime":0.3548999950289726,"msg":"request completed"}
{"level":30,"time":1780405190030,"pid":2264,"hostname":"DESKTOP-HFFR74R","reqId":"req-1e","req":{"method":"GET","url":"/api/fees"},"msg":"incoming request"}
{"level":30,"time":1780405190169,"pid":2264,"hostname":"DESKTOP-HFFR74R","reqId":"req-1e","res":{"statusCode":200},"responseTime":138.93350000679493,"msg":"request completed"}
{"level":30,"time":1780405204782,"pid":2264,"hostname":"DESKTOP-HFFR74R","reqId":"req-1f","req":{"method":"GET","url":"/api/wallets/1/balance"},"msg":"incoming request"}
{"level":30,"time":1780405204782,"pid":2264,"hostname":"DESKTOP-HFFR74R","reqId":"req-1f","res":{"statusCode":200},"responseTime":0.34700000286102295,"msg":"request completed"}
{"level":30,"time":1780405219793,"pid":2264,"hostname":"DESKTOP-HFFR74R","reqId":"req-1g","req":{"method":"GET","url":"/api/wallets/1/balance"},"msg":"incoming request"}
{"level":30,"time":1780405219794,"pid":2264,"hostname":"DESKTOP-HFFR74R","reqId":"req-1g","res":{"statusCode":200},"responseTime":0.33159999549388885,"msg":"request completed"}
{"level":30,"time":1780405234812,"pid":2264,"hostname":"DESKTOP-HFFR74R","reqId":"req-1h","req":{"method":"GET","url":"/api/wallets/1/balance"},"msg":"incoming request"}
{"level":30,"time":1780405234813,"pid":2264,"hostname":"DESKTOP-HFFR74R","reqId":"req-1h","res":{"statusCode":200},"responseTime":0.39819999784231186,"msg":"request completed"}
{"level":30,"time":1780405249820,"pid":2264,"hostname":"DESKTOP-HFFR74R","reqId":"req-1i","req":{"method":"GET","url":"/api/wallets/1/balance"},"msg":"incoming request"}
{"level":30,"time":1780405249821,"pid":2264,"hostname":"DESKTOP-HFFR74R","reqId":"req-1i","res":{"statusCode":200},"responseTime":0.2857999950647354,"msg":"request completed"}
{"level":30,"time":1780405250174,"pid":2264,"hostname":"DESKTOP-HFFR74R","reqId":"req-1j","req":{"method":"GET","url":"/api/fees"},"msg":"incoming request"}
{"level":30,"time":1780405250284,"pid":2264,"hostname":"DESKTOP-HFFR74R","reqId":"req-1j","res":{"statusCode":200},"responseTime":109.10999999940395,"msg":"request completed"}
{"level":30,"time":1780405264828,"pid":2264,"hostname":"DESKTOP-HFFR74R","reqId":"req-1k","req":{"method":"GET","url":"/api/wallets/1/balance"},"msg":"incoming request"}
{"level":30,"time":1780405264828,"pid":2264,"hostname":"DESKTOP-HFFR74R","reqId":"req-1k","res":{"statusCode":200},"responseTime":0.3693000003695488,"msg":"request completed"}
{"level":30,"time":1780405279845,"pid":2264,"hostname":"DESKTOP-HFFR74R","reqId":"req-1l","req":{"method":"GET","url":"/api/wallets/1/balance"},"msg":"incoming request"}
{"level":30,"time":1780405279846,"pid":2264,"hostname":"DESKTOP-HFFR74R","reqId":"req-1l","res":{"statusCode":200},"responseTime":0.3135000020265579,"msg":"request completed"}
{"level":30,"time":1780405294859,"pid":2264,"hostname":"DESKTOP-HFFR74R","reqId":"req-1m","req":{"method":"GET","url":"/api/wallets/1/balance"},"msg":"incoming request"}
{"level":30,"time":1780405294860,"pid":2264,"hostname":"DESKTOP-HFFR74R","reqId":"req-1m","res":{"statusCode":200},"responseTime":0.2932000011205673,"msg":"request completed"}
{"level":30,"time":1780405309871,"pid":2264,"hostname":"DESKTOP-HFFR74R","reqId":"req-1n","req":{"method":"GET","url":"/api/wallets/1/balance"},"msg":"incoming request"}
{"level":30,"time":1780405309871,"pid":2264,"hostname":"DESKTOP-HFFR74R","reqId":"req-1n","res":{"statusCode":200},"responseTime":0.36320000141859055,"msg":"request completed"}
{"level":30,"time":1780405310301,"pid":2264,"hostname":"DESKTOP-HFFR74R","reqId":"req-1o","req":{"method":"GET","url":"/api/fees"},"msg":"incoming request"}
{"level":30,"time":1780405310441,"pid":2264,"hostname":"DESKTOP-HFFR74R","reqId":"req-1o","res":{"statusCode":200},"responseTime":139.38239999860525,"msg":"request completed"}
{"level":30,"time":1780405324889,"pid":2264,"hostname":"DESKTOP-HFFR74R","reqId":"req-1p","req":{"method":"GET","url":"/api/wallets/1/balance"},"msg":"incoming request"}
{"level":30,"time":1780405324889,"pid":2264,"hostname":"DESKTOP-HFFR74R","reqId":"req-1p","res":{"statusCode":200},"responseTime":0.45660000294446945,"msg":"request completed"}
{"level":30,"time":1780405339897,"pid":2264,"hostname":"DESKTOP-HFFR74R","reqId":"req-1q","req":{"method":"GET","url":"/api/wallets/1/balance"},"msg":"incoming request"}
{"level":30,"time":1780405339898,"pid":2264,"hostname":"DESKTOP-HFFR74R","reqId":"req-1q","res":{"statusCode":200},"responseTime":0.48660000413656235,"msg":"request completed"}
{"level":30,"time":1780405354906,"pid":2264,"hostname":"DESKTOP-HFFR74R","reqId":"req-1r","req":{"method":"GET","url":"/api/wallets/1/balance"},"msg":"incoming request"}
{"level":30,"time":1780405354907,"pid":2264,"hostname":"DESKTOP-HFFR74R","reqId":"req-1r","res":{"statusCode":200},"responseTime":0.6667999997735023,"msg":"request completed"}
{"level":30,"time":1780405369921,"pid":2264,"hostname":"DESKTOP-HFFR74R","reqId":"req-1s","req":{"method":"GET","url":"/api/wallets/1/balance"},"msg":"incoming request"}
{"level":30,"time":1780405369922,"pid":2264,"hostname":"DESKTOP-HFFR74R","reqId":"req-1s","res":{"statusCode":200},"responseTime":0.5094999969005585,"msg":"request completed"}
{"level":30,"time":1780405370447,"pid":2264,"hostname":"DESKTOP-HFFR74R","reqId":"req-1t","req":{"method":"GET","url":"/api/fees"},"msg":"incoming request"}
{"level":30,"time":1780405370932,"pid":2264,"hostname":"DESKTOP-HFFR74R","reqId":"req-1t","res":{"statusCode":200},"responseTime":484.7078999951482,"msg":"request completed"}
{"level":30,"time":1780405384933,"pid":2264,"hostname":"DESKTOP-HFFR74R","reqId":"req-1u","req":{"method":"GET","url":"/api/wallets/1/balance"},"msg":"incoming request"}
{"level":30,"time":1780405384933,"pid":2264,"hostname":"DESKTOP-HFFR74R","reqId":"req-1u","res":{"statusCode":200},"responseTime":0.4667999967932701,"msg":"request completed"}
{"level":30,"time":1780405399948,"pid":2264,"hostname":"DESKTOP-HFFR74R","reqId":"req-1v","req":{"method":"GET","url":"/api/wallets/1/balance"},"msg":"incoming request"}
{"level":30,"time":1780405399949,"pid":2264,"hostname":"DESKTOP-HFFR74R","reqId":"req-1v","res":{"statusCode":200},"responseTime":0.41770000010728836,"msg":"request completed"}
{"level":30,"time":1780405414954,"pid":2264,"hostname":"DESKTOP-HFFR74R","reqId":"req-1w","req":{"method":"GET","url":"/api/wallets/1/balance"},"msg":"incoming request"}
{"level":30,"time":1780405414954,"pid":2264,"hostname":"DESKTOP-HFFR74R","reqId":"req-1w","res":{"statusCode":200},"responseTime":0.3053999990224838,"msg":"request completed"}
{"level":30,"time":1780405430005,"pid":2264,"hostname":"DESKTOP-HFFR74R","reqId":"req-1x","req":{"method":"GET","url":"/api/wallets/1/balance"},"msg":"incoming request"}
{"level":30,"time":1780405430006,"pid":2264,"hostname":"DESKTOP-HFFR74R","reqId":"req-1x","res":{"statusCode":200},"responseTime":0.32430000603199005,"msg":"request completed"}
{"level":30,"time":1780405430949,"pid":2264,"hostname":"DESKTOP-HFFR74R","reqId":"req-1y","req":{"method":"GET","url":"/api/fees"},"msg":"incoming request"}
{"level":30,"time":1780405431060,"pid":2264,"hostname":"DESKTOP-HFFR74R","reqId":"req-1y","res":{"statusCode":200},"responseTime":111.59650000184774,"msg":"request completed"}
{"level":30,"time":1780405445023,"pid":2264,"hostname":"DESKTOP-HFFR74R","reqId":"req-1z","req":{"method":"GET","url":"/api/wallets/1/balance"},"msg":"incoming request"}
{"level":30,"time":1780405445023,"pid":2264,"hostname":"DESKTOP-HFFR74R","reqId":"req-1z","res":{"statusCode":200},"responseTime":0.36389999836683273,"msg":"request completed"}
{"level":30,"time":1780405460039,"pid":2264,"hostname":"DESKTOP-HFFR74R","reqId":"req-20","req":{"method":"GET","url":"/api/wallets/1/balance"},"msg":"incoming request"}
{"level":30,"time":1780405460040,"pid":2264,"hostname":"DESKTOP-HFFR74R","reqId":"req-20","res":{"statusCode":200},"responseTime":0.37879999727010727,"msg":"request completed"}
{"level":30,"time":1780405475048,"pid":2264,"hostname":"DESKTOP-HFFR74R","reqId":"req-21","req":{"method":"GET","url":"/api/wallets/1/balance"},"msg":"incoming request"}
{"level":30,"time":1780405475049,"pid":2264,"hostname":"DESKTOP-HFFR74R","reqId":"req-21","res":{"statusCode":200},"responseTime":0.413100004196167,"msg":"request completed"}
{"level":30,"time":1780405490065,"pid":2264,"hostname":"DESKTOP-HFFR74R","reqId":"req-22","req":{"method":"GET","url":"/api/wallets/1/balance"},"msg":"incoming request"}
{"level":30,"time":1780405490065,"pid":2264,"hostname":"DESKTOP-HFFR74R","reqId":"req-22","res":{"statusCode":200},"responseTime":0.340999998152256,"msg":"request completed"}
{"level":30,"time":1780405491068,"pid":2264,"hostname":"DESKTOP-HFFR74R","reqId":"req-23","req":{"method":"GET","url":"/api/fees"},"msg":"incoming request"}
{"level":30,"time":1780405491210,"pid":2264,"hostname":"DESKTOP-HFFR74R","reqId":"req-23","res":{"statusCode":200},"responseTime":142.3112000003457,"msg":"request completed"}
{"level":30,"time":1780405505075,"pid":2264,"hostname":"DESKTOP-HFFR74R","reqId":"req-24","req":{"method":"GET","url":"/api/wallets/1/balance"},"msg":"incoming request"}
{"level":30,"time":1780405505076,"pid":2264,"hostname":"DESKTOP-HFFR74R","reqId":"req-24","res":{"statusCode":200},"responseTime":0.2996999993920326,"msg":"request completed"}
{"level":30,"time":1780405520082,"pid":2264,"hostname":"DESKTOP-HFFR74R","reqId":"req-25","req":{"method":"GET","url":"/api/wallets/1/balance"},"msg":"incoming request"}
{"level":30,"time":1780405520082,"pid":2264,"hostname":"DESKTOP-HFFR74R","reqId":"req-25","res":{"statusCode":200},"responseTime":0.318400003015995,"msg":"request completed"}
{"level":30,"time":1780405535092,"pid":2264,"hostname":"DESKTOP-HFFR74R","reqId":"req-26","req":{"method":"GET","url":"/api/wallets/1/balance"},"msg":"incoming request"}
{"level":30,"time":1780405535092,"pid":2264,"hostname":"DESKTOP-HFFR74R","reqId":"req-26","res":{"statusCode":200},"responseTime":0.3368000015616417,"msg":"request completed"}
{"level":30,"time":1780405550106,"pid":2264,"hostname":"DESKTOP-HFFR74R","reqId":"req-27","req":{"method":"GET","url":"/api/wallets/1/balance"},"msg":"incoming request"}
{"level":30,"time":1780405550107,"pid":2264,"hostname":"DESKTOP-HFFR74R","reqId":"req-27","res":{"statusCode":200},"responseTime":0.29679999500513077,"msg":"request completed"}
{"level":30,"time":1780405551217,"pid":2264,"hostname":"DESKTOP-HFFR74R","reqId":"req-28","req":{"method":"GET","url":"/api/fees"},"msg":"incoming request"}
{"level":30,"time":1780405551328,"pid":2264,"hostname":"DESKTOP-HFFR74R","reqId":"req-28","res":{"statusCode":200},"responseTime":111.69150000065565,"msg":"request completed"}
{"level":30,"time":1780405565112,"pid":2264,"hostname":"DESKTOP-HFFR74R","reqId":"req-29","req":{"method":"GET","url":"/api/wallets/1/balance"},"msg":"incoming request"}
{"level":30,"time":1780405565113,"pid":2264,"hostname":"DESKTOP-HFFR74R","reqId":"req-29","res":{"statusCode":200},"responseTime":0.32660000026226044,"msg":"request completed"}
{"level":30,"time":1780405580125,"pid":2264,"hostname":"DESKTOP-HFFR74R","reqId":"req-2a","req":{"method":"GET","url":"/api/wallets/1/balance"},"msg":"incoming request"}
{"level":30,"time":1780405580125,"pid":2264,"hostname":"DESKTOP-HFFR74R","reqId":"req-2a","res":{"statusCode":200},"responseTime":0.3301999941468239,"msg":"request completed"}
{"level":30,"time":1780405595130,"pid":2264,"hostname":"DESKTOP-HFFR74R","reqId":"req-2b","req":{"method":"GET","url":"/api/wallets/1/balance"},"msg":"incoming request"}
{"level":30,"time":1780405595130,"pid":2264,"hostname":"DESKTOP-HFFR74R","reqId":"req-2b","res":{"statusCode":200},"responseTime":0.3392999991774559,"msg":"request completed"}
{"level":30,"time":1780405610144,"pid":2264,"hostname":"DESKTOP-HFFR74R","reqId":"req-2c","req":{"method":"GET","url":"/api/wallets/1/balance"},"msg":"incoming request"}
{"level":30,"time":1780405610144,"pid":2264,"hostname":"DESKTOP-HFFR74R","reqId":"req-2c","res":{"statusCode":200},"responseTime":0.3311999961733818,"msg":"request completed"}
{"level":30,"time":1780405611333,"pid":2264,"hostname":"DESKTOP-HFFR74R","reqId":"req-2d","req":{"method":"GET","url":"/api/fees"},"msg":"incoming request"}
{"level":30,"time":1780405611461,"pid":2264,"hostname":"DESKTOP-HFFR74R","reqId":"req-2d","res":{"statusCode":200},"responseTime":128.4961999952793,"msg":"request completed"}
{"level":30,"time":1780405625158,"pid":2264,"hostname":"DESKTOP-HFFR74R","reqId":"req-2e","req":{"method":"GET","url":"/api/wallets/1/balance"},"msg":"incoming request"}
{"level":30,"time":1780405625158,"pid":2264,"hostname":"DESKTOP-HFFR74R","reqId":"req-2e","res":{"statusCode":200},"responseTime":0.3304999992251396,"msg":"request completed"}
{"level":30,"time":1780405640174,"pid":2264,"hostname":"DESKTOP-HFFR74R","reqId":"req-2f","req":{"method":"GET","url":"/api/wallets/1/balance"},"msg":"incoming request"}
{"level":30,"time":1780405640175,"pid":2264,"hostname":"DESKTOP-HFFR74R","reqId":"req-2f","res":{"statusCode":200},"responseTime":0.29980000108480453,"msg":"request completed"}
{"level":30,"time":1780405655192,"pid":2264,"hostname":"DESKTOP-HFFR74R","reqId":"req-2g","req":{"method":"GET","url":"/api/wallets/1/balance"},"msg":"incoming request"}
{"level":30,"time":1780405655193,"pid":2264,"hostname":"DESKTOP-HFFR74R","reqId":"req-2g","res":{"statusCode":200},"responseTime":0.4389999955892563,"msg":"request completed"}
{"level":30,"time":1780405670206,"pid":2264,"hostname":"DESKTOP-HFFR74R","reqId":"req-2h","req":{"method":"GET","url":"/api/wallets/1/balance"},"msg":"incoming request"}
{"level":30,"time":1780405670207,"pid":2264,"hostname":"DESKTOP-HFFR74R","reqId":"req-2h","res":{"statusCode":200},"responseTime":0.3448999971151352,"msg":"request completed"}
{"level":30,"time":1780405671470,"pid":2264,"hostname":"DESKTOP-HFFR74R","reqId":"req-2i","req":{"method":"GET","url":"/api/fees"},"msg":"incoming request"}
{"level":30,"time":1780405671584,"pid":2264,"hostname":"DESKTOP-HFFR74R","reqId":"req-2i","res":{"statusCode":200},"responseTime":114.05460000038147,"msg":"request completed"}
{"level":30,"time":1780405685221,"pid":2264,"hostname":"DESKTOP-HFFR74R","reqId":"req-2j","req":{"method":"GET","url":"/api/wallets/1/balance"},"msg":"incoming request"}
{"level":30,"time":1780405685221,"pid":2264,"hostname":"DESKTOP-HFFR74R","reqId":"req-2j","res":{"statusCode":200},"responseTime":0.36490000039339066,"msg":"request completed"}
{"level":30,"time":1780405700238,"pid":2264,"hostname":"DESKTOP-HFFR74R","reqId":"req-2k","req":{"method":"GET","url":"/api/wallets/1/balance"},"msg":"incoming request"}
{"level":30,"time":1780405700238,"pid":2264,"hostname":"DESKTOP-HFFR74R","reqId":"req-2k","res":{"statusCode":200},"responseTime":0.37299999594688416,"msg":"request completed"}
{"level":30,"time":1780405703591,"pid":2264,"hostname":"DESKTOP-HFFR74R","reqId":"req-2l","req":{"method":"GET","url":"/api/wallets"},"msg":"incoming request"}
{"level":30,"time":1780405703592,"pid":2264,"hostname":"DESKTOP-HFFR74R","reqId":"req-2l","res":{"statusCode":200},"responseTime":0.3549000024795532,"msg":"request completed"}
{"level":30,"time":1780405703592,"pid":2264,"hostname":"DESKTOP-HFFR74R","reqId":"req-2m","req":{"method":"GET","url":"/api/settings"},"msg":"incoming request"}
{"level":30,"time":1780405703592,"pid":2264,"hostname":"DESKTOP-HFFR74R","reqId":"req-2m","res":{"statusCode":200},"responseTime":0.2880000025033951,"msg":"request completed"}
{"level":30,"time":1780405715250,"pid":2264,"hostname":"DESKTOP-HFFR74R","reqId":"req-2n","req":{"method":"GET","url":"/api/wallets/1/balance"},"msg":"incoming request"}
{"level":30,"time":1780405715250,"pid":2264,"hostname":"DESKTOP-HFFR74R","reqId":"req-2n","res":{"statusCode":200},"responseTime":0.33320000022649765,"msg":"request completed"}
{"level":30,"time":1780405730263,"pid":2264,"hostname":"DESKTOP-HFFR74R","reqId":"req-2o","req":{"method":"GET","url":"/api/wallets/1/balance"},"msg":"incoming request"}
{"level":30,"time":1780405730263,"pid":2264,"hostname":"DESKTOP-HFFR74R","reqId":"req-2o","res":{"statusCode":200},"responseTime":0.32850000262260437,"msg":"request completed"}
{"level":30,"time":1780405731590,"pid":2264,"hostname":"DESKTOP-HFFR74R","reqId":"req-2p","req":{"method":"GET","url":"/api/fees"},"msg":"incoming request"}
{"level":30,"time":1780405731703,"pid":2264,"hostname":"DESKTOP-HFFR74R","reqId":"req-2p","res":{"statusCode":200},"responseTime":113.06509999930859,"msg":"request completed"}
{"level":30,"time":1780405732891,"pid":2264,"hostname":"DESKTOP-HFFR74R","reqId":"req-2q","req":{"method":"GET","url":"/api/fees"},"msg":"incoming request"}
{"level":30,"time":1780405732892,"pid":2264,"hostname":"DESKTOP-HFFR74R","reqId":"req-2q","res":{"statusCode":200},"responseTime":0.2646999955177307,"msg":"request completed"}
{"level":30,"time":1780405732895,"pid":2264,"hostname":"DESKTOP-HFFR74R","reqId":"req-2r","req":{"method":"GET","url":"/api/wallets/2"},"msg":"incoming request"}
{"level":30,"time":1780405732895,"pid":2264,"hostname":"DESKTOP-HFFR74R","reqId":"req-2r","res":{"statusCode":200},"responseTime":0.39909999817609787,"msg":"request completed"}
{"level":30,"time":1780405732895,"pid":2264,"hostname":"DESKTOP-HFFR74R","reqId":"req-2s","req":{"method":"GET","url":"/api/wallets/2/balance"},"msg":"incoming request"}
{"level":30,"time":1780405732896,"pid":2264,"hostname":"DESKTOP-HFFR74R","reqId":"req-2s","res":{"statusCode":200},"responseTime":0.33980000019073486,"msg":"request completed"}
{"level":30,"time":1780405732896,"pid":2264,"hostname":"DESKTOP-HFFR74R","reqId":"req-2t","req":{"method":"GET","url":"/api/wallets/2/sync/status"},"msg":"incoming request"}
{"level":30,"time":1780405732896,"pid":2264,"hostname":"DESKTOP-HFFR74R","reqId":"req-2t","res":{"statusCode":200},"responseTime":0.2687000036239624,"msg":"request completed"}
{"level":30,"time":1780405736471,"pid":2264,"hostname":"DESKTOP-HFFR74R","reqId":"req-2u","req":{"method":"GET","url":"/api/wallets/1"},"msg":"incoming request"}
{"level":30,"time":1780405736472,"pid":2264,"hostname":"DESKTOP-HFFR74R","reqId":"req-2u","res":{"statusCode":200},"responseTime":0.5173999965190887,"msg":"request completed"}
{"level":30,"time":1780405736472,"pid":2264,"hostname":"DESKTOP-HFFR74R","reqId":"req-2v","req":{"method":"GET","url":"/api/wallets/1/balance"},"msg":"incoming request"}
{"level":30,"time":1780405736473,"pid":2264,"hostname":"DESKTOP-HFFR74R","reqId":"req-2v","res":{"statusCode":200},"responseTime":0.49080000072717667,"msg":"request completed"}
{"level":30,"time":1780405736473,"pid":2264,"hostname":"DESKTOP-HFFR74R","reqId":"req-2w","req":{"method":"GET","url":"/api/wallets/1/sync/status"},"msg":"incoming request"}
{"level":30,"time":1780405736474,"pid":2264,"hostname":"DESKTOP-HFFR74R","reqId":"req-2w","res":{"statusCode":200},"responseTime":0.3497999981045723,"msg":"request completed"}
{"level":30,"time":1780405745281,"pid":2264,"hostname":"DESKTOP-HFFR74R","reqId":"req-2x","req":{"method":"GET","url":"/api/wallets/1/balance"},"msg":"incoming request"}
{"level":30,"time":1780405745281,"pid":2264,"hostname":"DESKTOP-HFFR74R","reqId":"req-2x","res":{"statusCode":200},"responseTime":0.3070000037550926,"msg":"request completed"}
{"level":30,"time":1780405751484,"pid":2264,"hostname":"DESKTOP-HFFR74R","reqId":"req-2y","req":{"method":"GET","url":"/api/wallets/1/balance"},"msg":"incoming request"}
{"level":30,"time":1780405751484,"pid":2264,"hostname":"DESKTOP-HFFR74R","reqId":"req-2y","res":{"statusCode":200},"responseTime":0.2921999990940094,"msg":"request completed"}
{"level":30,"time":1780405760292,"pid":2264,"hostname":"DESKTOP-HFFR74R","reqId":"req-2z","req":{"method":"GET","url":"/api/wallets/1/balance"},"msg":"incoming request"}
{"level":30,"time":1780405760293,"pid":2264,"hostname":"DESKTOP-HFFR74R","reqId":"req-2z","res":{"statusCode":200},"responseTime":0.5064999982714653,"msg":"request completed"}
{"level":30,"time":1780405766479,"pid":2264,"hostname":"DESKTOP-HFFR74R","reqId":"req-30","req":{"method":"GET","url":"/api/fees"},"msg":"incoming request"}
{"level":30,"time":1780405766479,"pid":2264,"hostname":"DESKTOP-HFFR74R","reqId":"req-30","res":{"statusCode":200},"responseTime":0.2344999983906746,"msg":"request completed"}
{"level":30,"time":1780405775298,"pid":2264,"hostname":"DESKTOP-HFFR74R","reqId":"req-31","req":{"method":"GET","url":"/api/wallets/1/balance"},"msg":"incoming request"}
{"level":30,"time":1780405775298,"pid":2264,"hostname":"DESKTOP-HFFR74R","reqId":"req-31","res":{"statusCode":200},"responseTime":0.3044999986886978,"msg":"request completed"}
{"level":30,"time":1780405790303,"pid":2264,"hostname":"DESKTOP-HFFR74R","reqId":"req-32","req":{"method":"GET","url":"/api/wallets/1/balance"},"msg":"incoming request"}
{"level":30,"time":1780405790303,"pid":2264,"hostname":"DESKTOP-HFFR74R","reqId":"req-32","res":{"statusCode":200},"responseTime":0.30319999903440475,"msg":"request completed"}
{"level":30,"time":1780405791720,"pid":2264,"hostname":"DESKTOP-HFFR74R","reqId":"req-33","req":{"method":"GET","url":"/api/fees"},"msg":"incoming request"}
{"level":30,"time":1780405791885,"pid":2264,"hostname":"DESKTOP-HFFR74R","reqId":"req-33","res":{"statusCode":200},"responseTime":164.87189999967813,"msg":"request completed"}
{"level":30,"time":1780405805313,"pid":2264,"hostname":"DESKTOP-HFFR74R","reqId":"req-34","req":{"method":"GET","url":"/api/wallets/1/balance"},"msg":"incoming request"}
{"level":30,"time":1780405805313,"pid":2264,"hostname":"DESKTOP-HFFR74R","reqId":"req-34","res":{"statusCode":200},"responseTime":0.5540999993681908,"msg":"request completed"}
{"level":30,"time":1780405820331,"pid":2264,"hostname":"DESKTOP-HFFR74R","reqId":"req-35","req":{"method":"GET","url":"/api/wallets/1/balance"},"msg":"incoming request"}
{"level":30,"time":1780405820332,"pid":2264,"hostname":"DESKTOP-HFFR74R","reqId":"req-35","res":{"statusCode":200},"responseTime":0.30560000240802765,"msg":"request completed"}
{"level":30,"time":1780405826484,"pid":2264,"hostname":"DESKTOP-HFFR74R","reqId":"req-36","req":{"method":"GET","url":"/api/fees"},"msg":"incoming request"}
{"level":30,"time":1780405826485,"pid":2264,"hostname":"DESKTOP-HFFR74R","reqId":"req-36","res":{"statusCode":200},"responseTime":0.17390000075101852,"msg":"request completed"}
{"level":30,"time":1780405835347,"pid":2264,"hostname":"DESKTOP-HFFR74R","reqId":"req-37","req":{"method":"GET","url":"/api/wallets/1/balance"},"msg":"incoming request"}
{"level":30,"time":1780405835347,"pid":2264,"hostname":"DESKTOP-HFFR74R","reqId":"req-37","res":{"statusCode":200},"responseTime":0.3255999982357025,"msg":"request completed"}
{"level":30,"time":1780405850355,"pid":2264,"hostname":"DESKTOP-HFFR74R","reqId":"req-38","req":{"method":"GET","url":"/api/wallets/1/balance"},"msg":"incoming request"}
{"level":30,"time":1780405850355,"pid":2264,"hostname":"DESKTOP-HFFR74R","reqId":"req-38","res":{"statusCode":200},"responseTime":0.30959999561309814,"msg":"request completed"}
{"level":30,"time":1780405851899,"pid":2264,"hostname":"DESKTOP-HFFR74R","reqId":"req-39","req":{"method":"GET","url":"/api/fees"},"msg":"incoming request"}
{"level":30,"time":1780405852008,"pid":2264,"hostname":"DESKTOP-HFFR74R","reqId":"req-39","res":{"statusCode":200},"responseTime":108.78450000286102,"msg":"request completed"}
{"level":30,"time":1780405856864,"pid":2264,"hostname":"DESKTOP-HFFR74R","reqId":"req-3a","req":{"method":"GET","url":"/api/wallets"},"msg":"incoming request"}
{"level":30,"time":1780405856865,"pid":2264,"hostname":"DESKTOP-HFFR74R","reqId":"req-3a","res":{"statusCode":200},"responseTime":0.5640999972820282,"msg":"request completed"}
{"level":30,"time":1780405856866,"pid":2264,"hostname":"DESKTOP-HFFR74R","reqId":"req-3b","req":{"method":"GET","url":"/api/wallets/1/sync/status"},"msg":"incoming request"}
{"level":30,"time":1780405856866,"pid":2264,"hostname":"DESKTOP-HFFR74R","reqId":"req-3b","res":{"statusCode":200},"responseTime":0.31539999693632126,"msg":"request completed"}
{"level":30,"time":1780405856867,"pid":2264,"hostname":"DESKTOP-HFFR74R","reqId":"req-3c","req":{"method":"GET","url":"/api/settings"},"msg":"incoming request"}
{"level":30,"time":1780405856867,"pid":2264,"hostname":"DESKTOP-HFFR74R","reqId":"req-3c","res":{"statusCode":200},"responseTime":0.2906999960541725,"msg":"request completed"}
{"level":30,"time":1780405856867,"pid":2264,"hostname":"DESKTOP-HFFR74R","reqId":"req-3d","req":{"method":"GET","url":"/api/wallets/1"},"msg":"incoming request"}
{"level":30,"time":1780405856868,"pid":2264,"hostname":"DESKTOP-HFFR74R","reqId":"req-3d","res":{"statusCode":200},"responseTime":0.5384999960660934,"msg":"request completed"}
{"level":30,"time":1780405865373,"pid":2264,"hostname":"DESKTOP-HFFR74R","reqId":"req-3e","req":{"method":"GET","url":"/api/wallets/1/balance"},"msg":"incoming request"}
{"level":30,"time":1780405865373,"pid":2264,"hostname":"DESKTOP-HFFR74R","reqId":"req-3e","res":{"statusCode":200},"responseTime":0.3537999987602234,"msg":"request completed"}
{"level":30,"time":1780405877273,"pid":2264,"hostname":"DESKTOP-HFFR74R","reqId":"req-3f","req":{"method":"GET","url":"/api/fees"},"msg":"incoming request"}
{"level":30,"time":1780405877273,"pid":2264,"hostname":"DESKTOP-HFFR74R","reqId":"req-3f","res":{"statusCode":200},"responseTime":0.29749999940395355,"msg":"request completed"}
{"level":30,"time":1780405877273,"pid":2264,"hostname":"DESKTOP-HFFR74R","reqId":"req-3g","req":{"method":"GET","url":"/api/wallets/1/balance"},"msg":"incoming request"}
{"level":30,"time":1780405877274,"pid":2264,"hostname":"DESKTOP-HFFR74R","reqId":"req-3g","res":{"statusCode":200},"responseTime":0.6132000014185905,"msg":"request completed"}
{"level":30,"time":1780405880380,"pid":2264,"hostname":"DESKTOP-HFFR74R","reqId":"req-3h","req":{"method":"GET","url":"/api/wallets/1/balance"},"msg":"incoming request"}
{"level":30,"time":1780405880380,"pid":2264,"hostname":"DESKTOP-HFFR74R","reqId":"req-3h","res":{"statusCode":200},"responseTime":0.3440999984741211,"msg":"request completed"}
{"level":30,"time":1780405881035,"pid":2264,"hostname":"DESKTOP-HFFR74R","reqId":"req-3i","req":{"method":"GET","url":"/api/fees"},"msg":"incoming request"}
{"level":30,"time":1780405881035,"pid":2264,"hostname":"DESKTOP-HFFR74R","reqId":"req-3i","res":{"statusCode":200},"responseTime":0.2516000047326088,"msg":"request completed"}
{"level":30,"time":1780405881035,"pid":2264,"hostname":"DESKTOP-HFFR74R","reqId":"req-3j","req":{"method":"GET","url":"/api/wallets/1/balance"},"msg":"incoming request"}
{"level":30,"time":1780405881036,"pid":2264,"hostname":"DESKTOP-HFFR74R","reqId":"req-3j","res":{"statusCode":200},"responseTime":0.2921000048518181,"msg":"request completed"}
{"level":30,"time":1780405881036,"pid":2264,"hostname":"DESKTOP-HFFR74R","reqId":"req-3k","req":{"method":"GET","url":"/api/wallets"},"msg":"incoming request"}
{"level":30,"time":1780405881036,"pid":2264,"hostname":"DESKTOP-HFFR74R","reqId":"req-3k","res":{"statusCode":200},"responseTime":0.253200002014637,"msg":"request completed"}
{"level":30,"time":1780405881037,"pid":2264,"hostname":"DESKTOP-HFFR74R","reqId":"req-3l","req":{"method":"GET","url":"/api/settings"},"msg":"incoming request"}
{"level":30,"time":1780405881037,"pid":2264,"hostname":"DESKTOP-HFFR74R","reqId":"req-3l","res":{"statusCode":200},"responseTime":0.31839999556541443,"msg":"request completed"}
{"level":30,"time":1780405912355,"pid":2264,"hostname":"DESKTOP-HFFR74R","reqId":"req-3m","req":{"method":"POST","url":"/api/wallets/1/plans/spend"},"msg":"incoming request"}
{"level":30,"time":1780405912359,"pid":2264,"hostname":"DESKTOP-HFFR74R","reqId":"req-3m","res":{"statusCode":201},"responseTime":3.6062000021338463,"msg":"request completed"}
{"level":30,"time":1780405941045,"pid":2264,"hostname":"DESKTOP-HFFR74R","reqId":"req-3n","req":{"method":"GET","url":"/api/fees"},"msg":"incoming request"}
{"level":30,"time":1780405941153,"pid":2264,"hostname":"DESKTOP-HFFR74R","reqId":"req-3n","res":{"statusCode":200},"responseTime":107.4839999973774,"msg":"request completed"}
{"level":30,"time":1780406001165,"pid":2264,"hostname":"DESKTOP-HFFR74R","reqId":"req-3o","req":{"method":"GET","url":"/api/fees"},"msg":"incoming request"}
{"level":30,"time":1780406001297,"pid":2264,"hostname":"DESKTOP-HFFR74R","reqId":"req-3o","res":{"statusCode":200},"responseTime":132.37069999426603,"msg":"request completed"}
{"level":30,"time":1780406061302,"pid":2264,"hostname":"DESKTOP-HFFR74R","reqId":"req-3p","req":{"method":"GET","url":"/api/fees"},"msg":"incoming request"}
{"level":30,"time":1780406061414,"pid":2264,"hostname":"DESKTOP-HFFR74R","reqId":"req-3p","res":{"statusCode":200},"responseTime":111.81560000032187,"msg":"request completed"}
{"level":30,"time":1780406121441,"pid":2264,"hostname":"DESKTOP-HFFR74R","reqId":"req-3q","req":{"method":"GET","url":"/api/fees"},"msg":"incoming request"}
{"level":30,"time":1780406121785,"pid":2264,"hostname":"DESKTOP-HFFR74R","reqId":"req-3q","res":{"statusCode":200},"responseTime":343.9155000001192,"msg":"request completed"}
{"level":30,"time":1780406137501,"pid":2264,"hostname":"DESKTOP-HFFR74R","reqId":"req-3r","req":{"method":"GET","url":"/api/plans/1"},"msg":"incoming request"}
{"level":30,"time":1780406137502,"pid":2264,"hostname":"DESKTOP-HFFR74R","reqId":"req-3r","res":{"statusCode":200},"responseTime":0.8655000030994415,"msg":"request completed"}
{"level":30,"time":1780406142095,"pid":2264,"hostname":"DESKTOP-HFFR74R","reqId":"req-3s","req":{"method":"GET","url":"/api/plans/1"},"msg":"incoming request"}
{"level":30,"time":1780406142096,"pid":2264,"hostname":"DESKTOP-HFFR74R","reqId":"req-3s","res":{"statusCode":200},"responseTime":0.6662999987602234,"msg":"request completed"}
{"level":30,"time":1780406142097,"pid":2264,"hostname":"DESKTOP-HFFR74R","reqId":"req-3t","req":{"method":"GET","url":"/api/wallets"},"msg":"incoming request"}
{"level":30,"time":1780406142097,"pid":2264,"hostname":"DESKTOP-HFFR74R","reqId":"req-3t","res":{"statusCode":200},"responseTime":0.5218999981880188,"msg":"request completed"}
{"level":30,"time":1780406142098,"pid":2264,"hostname":"DESKTOP-HFFR74R","reqId":"req-3u","req":{"method":"GET","url":"/api/settings"},"msg":"incoming request"}
{"level":30,"time":1780406142098,"pid":2264,"hostname":"DESKTOP-HFFR74R","reqId":"req-3u","res":{"statusCode":200},"responseTime":0.4424000009894371,"msg":"request completed"}
{"level":30,"time":1780406409536,"pid":2264,"hostname":"DESKTOP-HFFR74R","reqId":"req-3v","req":{"method":"GET","url":"/api/plans/1"},"msg":"incoming request"}
{"level":30,"time":1780406409536,"pid":2264,"hostname":"DESKTOP-HFFR74R","reqId":"req-3v","res":{"statusCode":200},"responseTime":0.6242000013589859,"msg":"request completed"}
{"level":30,"time":1780406409544,"pid":2264,"hostname":"DESKTOP-HFFR74R","reqId":"req-3w","req":{"method":"GET","url":"/api/plans/1"},"msg":"incoming request"}
{"level":30,"time":1780406409545,"pid":2264,"hostname":"DESKTOP-HFFR74R","reqId":"req-3w","res":{"statusCode":200},"responseTime":0.4918000027537346,"msg":"request completed"}
{"level":30,"time":1780406412736,"pid":2264,"hostname":"DESKTOP-HFFR74R","reqId":"req-3x","req":{"method":"GET","url":"/api/plans/1"},"msg":"incoming request"}
{"level":30,"time":1780406412737,"pid":2264,"hostname":"DESKTOP-HFFR74R","reqId":"req-3x","res":{"statusCode":200},"responseTime":0.8940999954938889,"msg":"request completed"}
{"level":30,"time":1780406412738,"pid":2264,"hostname":"DESKTOP-HFFR74R","reqId":"req-3y","req":{"method":"GET","url":"/api/wallets"},"msg":"incoming request"}
{"level":30,"time":1780406412739,"pid":2264,"hostname":"DESKTOP-HFFR74R","reqId":"req-3y","res":{"statusCode":200},"responseTime":0.4627000018954277,"msg":"request completed"}
{"level":30,"time":1780406412739,"pid":2264,"hostname":"DESKTOP-HFFR74R","reqId":"req-3z","req":{"method":"GET","url":"/api/settings"},"msg":"incoming request"}
{"level":30,"time":1780406412740,"pid":2264,"hostname":"DESKTOP-HFFR74R","reqId":"req-3z","res":{"statusCode":200},"responseTime":0.4261000007390976,"msg":"request completed"}
{"level":30,"time":1780406465400,"pid":2264,"hostname":"DESKTOP-HFFR74R","reqId":"req-40","req":{"method":"GET","url":"/api/wallets/1/utxos?spent=false&sort=amount&order=desc"},"msg":"incoming request"}
{"level":30,"time":1780406465401,"pid":2264,"hostname":"DESKTOP-HFFR74R","reqId":"req-40","res":{"statusCode":200},"responseTime":0.8959999978542328,"msg":"request completed"}
{"level":30,"time":1780406513518,"pid":2264,"hostname":"DESKTOP-HFFR74R","reqId":"req-41","req":{"method":"GET","url":"/api/wallets/1/utxos?spent=&sort=amount&order=desc"},"msg":"incoming request"}
{"level":30,"time":1780406513519,"pid":2264,"hostname":"DESKTOP-HFFR74R","reqId":"req-41","res":{"statusCode":200},"responseTime":0.7070000022649765,"msg":"request completed"}
{"level":30,"time":1780406524658,"pid":2264,"hostname":"DESKTOP-HFFR74R","reqId":"req-42","req":{"method":"GET","url":"/api/fees"},"msg":"incoming request"}
{"level":30,"time":1780406524661,"pid":2264,"hostname":"DESKTOP-HFFR74R","reqId":"req-43","req":{"method":"GET","url":"/api/wallets/1/balance"},"msg":"incoming request"}
{"level":30,"time":1780406524662,"pid":2264,"hostname":"DESKTOP-HFFR74R","reqId":"req-43","res":{"statusCode":200},"responseTime":0.5188999995589256,"msg":"request completed"}
{"level":30,"time":1780406524808,"pid":2264,"hostname":"DESKTOP-HFFR74R","reqId":"req-42","res":{"statusCode":200},"responseTime":149.77170000225306,"msg":"request completed"}
{"level":30,"time":1780406609381,"pid":2264,"hostname":"DESKTOP-HFFR74R","reqId":"req-44","req":{"method":"POST","url":"/api/wallets/1/plans/consolidation"},"msg":"incoming request"}
{"level":30,"time":1780406609383,"pid":2264,"hostname":"DESKTOP-HFFR74R","reqId":"req-44","res":{"statusCode":400},"responseTime":1.7884000018239021,"msg":"request completed"}
{"level":30,"time":1780406615639,"pid":2264,"hostname":"DESKTOP-HFFR74R","reqId":"req-45","req":{"method":"POST","url":"/api/wallets/1/plans/consolidation"},"msg":"incoming request"}
{"level":30,"time":1780406615640,"pid":2264,"hostname":"DESKTOP-HFFR74R","reqId":"req-45","res":{"statusCode":400},"responseTime":0.569300003349781,"msg":"request completed"}
{"level":30,"time":1780406630483,"pid":2264,"hostname":"DESKTOP-HFFR74R","reqId":"req-46","req":{"method":"POST","url":"/api/wallets/1/plans/consolidation"},"msg":"incoming request"}
{"level":30,"time":1780406630484,"pid":2264,"hostname":"DESKTOP-HFFR74R","reqId":"req-46","res":{"statusCode":400},"responseTime":0.7470999956130981,"msg":"request completed"}
{"level":30,"time":1780406631803,"pid":2264,"hostname":"DESKTOP-HFFR74R","reqId":"req-47","req":{"method":"POST","url":"/api/wallets/1/plans/consolidation"},"msg":"incoming request"}
{"level":30,"time":1780406631803,"pid":2264,"hostname":"DESKTOP-HFFR74R","reqId":"req-47","res":{"statusCode":400},"responseTime":0.380000002682209,"msg":"request completed"}
{"level":30,"time":1780406796837,"pid":2264,"hostname":"DESKTOP-HFFR74R","reqId":"req-48","req":{"method":"GET","url":"/api/wallets/1/balance"},"msg":"incoming request"}
{"level":30,"time":1780406796838,"pid":2264,"hostname":"DESKTOP-HFFR74R","reqId":"req-48","res":{"statusCode":200},"responseTime":0.5410000011324883,"msg":"request completed"}
{"level":30,"time":1780406796838,"pid":2264,"hostname":"DESKTOP-HFFR74R","reqId":"req-49","req":{"method":"GET","url":"/api/fees"},"msg":"incoming request"}
{"level":30,"time":1780406796960,"pid":2264,"hostname":"DESKTOP-HFFR74R","reqId":"req-49","res":{"statusCode":200},"responseTime":121.25889999419451,"msg":"request completed"}
{"level":30,"time":1780406800280,"pid":2264,"hostname":"DESKTOP-HFFR74R","reqId":"req-4a","req":{"method":"GET","url":"/api/fees"},"msg":"incoming request"}
{"level":30,"time":1780406800280,"pid":2264,"hostname":"DESKTOP-HFFR74R","reqId":"req-4a","res":{"statusCode":200},"responseTime":0.25840000063180923,"msg":"request completed"}
{"level":30,"time":1780406800281,"pid":2264,"hostname":"DESKTOP-HFFR74R","reqId":"req-4b","req":{"method":"GET","url":"/api/wallets/1/balance"},"msg":"incoming request"}
{"level":30,"time":1780406800281,"pid":2264,"hostname":"DESKTOP-HFFR74R","reqId":"req-4b","res":{"statusCode":200},"responseTime":0.26419999450445175,"msg":"request completed"}
{"level":30,"time":1780406800282,"pid":2264,"hostname":"DESKTOP-HFFR74R","reqId":"req-4c","req":{"method":"GET","url":"/api/wallets"},"msg":"incoming request"}
{"level":30,"time":1780406800282,"pid":2264,"hostname":"DESKTOP-HFFR74R","reqId":"req-4c","res":{"statusCode":200},"responseTime":0.32249999791383743,"msg":"request completed"}
{"level":30,"time":1780406800282,"pid":2264,"hostname":"DESKTOP-HFFR74R","reqId":"req-4d","req":{"method":"GET","url":"/api/settings"},"msg":"incoming request"}
{"level":30,"time":1780406800283,"pid":2264,"hostname":"DESKTOP-HFFR74R","reqId":"req-4d","res":{"statusCode":200},"responseTime":0.24419999867677689,"msg":"request completed"}
{"level":30,"time":1780406813831,"pid":2264,"hostname":"DESKTOP-HFFR74R","reqId":"req-4e","req":{"method":"POST","url":"/api/wallets/1/plans/consolidation"},"msg":"incoming request"}
{"level":30,"time":1780406813833,"pid":2264,"hostname":"DESKTOP-HFFR74R","reqId":"req-4e","res":{"statusCode":201},"responseTime":1.87219999730587,"msg":"request completed"}
{"level":30,"time":1780406859581,"pid":2264,"hostname":"DESKTOP-HFFR74R","reqId":"req-4f","req":{"method":"GET","url":"/api/fees"},"msg":"incoming request"}
{"level":30,"time":1780406859584,"pid":2264,"hostname":"DESKTOP-HFFR74R","reqId":"req-4g","req":{"method":"GET","url":"/api/wallets/1"},"msg":"incoming request"}
{"level":30,"time":1780406859585,"pid":2264,"hostname":"DESKTOP-HFFR74R","reqId":"req-4g","res":{"statusCode":200},"responseTime":0.5997999981045723,"msg":"request completed"}
{"level":30,"time":1780406859585,"pid":2264,"hostname":"DESKTOP-HFFR74R","reqId":"req-4h","req":{"method":"GET","url":"/api/wallets/1/balance"},"msg":"incoming request"}
{"level":30,"time":1780406859586,"pid":2264,"hostname":"DESKTOP-HFFR74R","reqId":"req-4h","res":{"statusCode":200},"responseTime":0.442500002682209,"msg":"request completed"}
{"level":30,"time":1780406859586,"pid":2264,"hostname":"DESKTOP-HFFR74R","reqId":"req-4i","req":{"method":"GET","url":"/api/wallets/1/sync/status"},"msg":"incoming request"}
{"level":30,"time":1780406859587,"pid":2264,"hostname":"DESKTOP-HFFR74R","reqId":"req-4i","res":{"statusCode":200},"responseTime":0.3557000011205673,"msg":"request completed"}
{"level":30,"time":1780406859706,"pid":2264,"hostname":"DESKTOP-HFFR74R","reqId":"req-4f","res":{"statusCode":200},"responseTime":124.91439999639988,"msg":"request completed"}
{"level":30,"time":1780406874593,"pid":2264,"hostname":"DESKTOP-HFFR74R","reqId":"req-4j","req":{"method":"GET","url":"/api/wallets/1/balance"},"msg":"incoming request"}
{"level":30,"time":1780406874594,"pid":2264,"hostname":"DESKTOP-HFFR74R","reqId":"req-4j","res":{"statusCode":200},"responseTime":0.3293999955058098,"msg":"request completed"}
{"level":30,"time":1780406877843,"pid":2264,"hostname":"DESKTOP-HFFR74R","reqId":"req-4k","req":{"method":"GET","url":"/api/wallets/1/utxos?spent=false&sort=amount&order=desc"},"msg":"incoming request"}
{"level":30,"time":1780406877843,"pid":2264,"hostname":"DESKTOP-HFFR74R","reqId":"req-4k","res":{"statusCode":200},"responseTime":0.5734999999403954,"msg":"request completed"}
{"level":30,"time":1780406890237,"pid":2264,"hostname":"DESKTOP-HFFR74R","reqId":"req-4l","req":{"method":"GET","url":"/api/fees"},"msg":"incoming request"}
{"level":30,"time":1780406890237,"pid":2264,"hostname":"DESKTOP-HFFR74R","reqId":"req-4l","res":{"statusCode":200},"responseTime":0.32189999520778656,"msg":"request completed"}
{"level":30,"time":1780406890238,"pid":2264,"hostname":"DESKTOP-HFFR74R","reqId":"req-4m","req":{"method":"GET","url":"/api/wallets/1"},"msg":"incoming request"}
{"level":30,"time":1780406890239,"pid":2264,"hostname":"DESKTOP-HFFR74R","reqId":"req-4m","res":{"statusCode":200},"responseTime":0.6357000023126602,"msg":"request completed"}
{"level":30,"time":1780406890240,"pid":2264,"hostname":"DESKTOP-HFFR74R","reqId":"req-4n","req":{"method":"GET","url":"/api/wallets/1/sync/status"},"msg":"incoming request"}
{"level":30,"time":1780406890240,"pid":2264,"hostname":"DESKTOP-HFFR74R","reqId":"req-4n","res":{"statusCode":200},"responseTime":0.3643000051379204,"msg":"request completed"}
{"level":30,"time":1780406905245,"pid":2264,"hostname":"DESKTOP-HFFR74R","reqId":"req-4o","req":{"method":"GET","url":"/api/wallets/1/balance"},"msg":"incoming request"}
{"level":30,"time":1780406905246,"pid":2264,"hostname":"DESKTOP-HFFR74R","reqId":"req-4o","res":{"statusCode":200},"responseTime":0.32580000162124634,"msg":"request completed"}
{"level":30,"time":1780406920262,"pid":2264,"hostname":"DESKTOP-HFFR74R","reqId":"req-4p","req":{"method":"GET","url":"/api/wallets/1/balance"},"msg":"incoming request"}
{"level":30,"time":1780406920263,"pid":2264,"hostname":"DESKTOP-HFFR74R","reqId":"req-4p","res":{"statusCode":200},"responseTime":0.37549999356269836,"msg":"request completed"}
{"level":30,"time":1780406935277,"pid":2264,"hostname":"DESKTOP-HFFR74R","reqId":"req-4q","req":{"method":"GET","url":"/api/wallets/1/balance"},"msg":"incoming request"}
{"level":30,"time":1780406935277,"pid":2264,"hostname":"DESKTOP-HFFR74R","reqId":"req-4q","res":{"statusCode":200},"responseTime":0.31120000034570694,"msg":"request completed"}
{"level":30,"time":1780406950243,"pid":2264,"hostname":"DESKTOP-HFFR74R","reqId":"req-4r","req":{"method":"GET","url":"/api/fees"},"msg":"incoming request"}
{"level":30,"time":1780406950289,"pid":2264,"hostname":"DESKTOP-HFFR74R","reqId":"req-4s","req":{"method":"GET","url":"/api/wallets/1/balance"},"msg":"incoming request"}
{"level":30,"time":1780406950289,"pid":2264,"hostname":"DESKTOP-HFFR74R","reqId":"req-4s","res":{"statusCode":200},"responseTime":0.2696000039577484,"msg":"request completed"}
{"level":30,"time":1780406950360,"pid":2264,"hostname":"DESKTOP-HFFR74R","reqId":"req-4r","res":{"statusCode":200},"responseTime":116.97150000184774,"msg":"request completed"}
{"level":30,"time":1780406965306,"pid":2264,"hostname":"DESKTOP-HFFR74R","reqId":"req-4t","req":{"method":"GET","url":"/api/wallets/1/balance"},"msg":"incoming request"}
{"level":30,"time":1780406965307,"pid":2264,"hostname":"DESKTOP-HFFR74R","reqId":"req-4t","res":{"statusCode":200},"responseTime":0.29990000277757645,"msg":"request completed"}
{"level":30,"time":1780406980322,"pid":2264,"hostname":"DESKTOP-HFFR74R","reqId":"req-4u","req":{"method":"GET","url":"/api/wallets/1/balance"},"msg":"incoming request"}
{"level":30,"time":1780406980323,"pid":2264,"hostname":"DESKTOP-HFFR74R","reqId":"req-4u","res":{"statusCode":200},"responseTime":0.2906000018119812,"msg":"request completed"}
{"level":30,"time":1780406995328,"pid":2264,"hostname":"DESKTOP-HFFR74R","reqId":"req-4v","req":{"method":"GET","url":"/api/wallets/1/balance"},"msg":"incoming request"}
{"level":30,"time":1780406995328,"pid":2264,"hostname":"DESKTOP-HFFR74R","reqId":"req-4v","res":{"statusCode":200},"responseTime":0.31370000541210175,"msg":"request completed"}
{"level":30,"time":1780407010342,"pid":2264,"hostname":"DESKTOP-HFFR74R","reqId":"req-4w","req":{"method":"GET","url":"/api/wallets/1/balance"},"msg":"incoming request"}
{"level":30,"time":1780407010343,"pid":2264,"hostname":"DESKTOP-HFFR74R","reqId":"req-4w","res":{"statusCode":200},"responseTime":0.36969999969005585,"msg":"request completed"}
{"level":30,"time":1780407010372,"pid":2264,"hostname":"DESKTOP-HFFR74R","reqId":"req-4x","req":{"method":"GET","url":"/api/fees"},"msg":"incoming request"}
{"level":30,"time":1780407010478,"pid":2264,"hostname":"DESKTOP-HFFR74R","reqId":"req-4x","res":{"statusCode":200},"responseTime":105.3251999989152,"msg":"request completed"}
{"level":30,"time":1780407025349,"pid":2264,"hostname":"DESKTOP-HFFR74R","reqId":"req-4y","req":{"method":"GET","url":"/api/wallets/1/balance"},"msg":"incoming request"}
{"level":30,"time":1780407025350,"pid":2264,"hostname":"DESKTOP-HFFR74R","reqId":"req-4y","res":{"statusCode":200},"responseTime":0.3215000033378601,"msg":"request completed"}
{"level":30,"time":1780407040360,"pid":2264,"hostname":"DESKTOP-HFFR74R","reqId":"req-4z","req":{"method":"GET","url":"/api/wallets/1/balance"},"msg":"incoming request"}
{"level":30,"time":1780407040360,"pid":2264,"hostname":"DESKTOP-HFFR74R","reqId":"req-4z","res":{"statusCode":200},"responseTime":0.34310000389814377,"msg":"request completed"}
{"level":30,"time":1780407055374,"pid":2264,"hostname":"DESKTOP-HFFR74R","reqId":"req-50","req":{"method":"GET","url":"/api/wallets/1/balance"},"msg":"incoming request"}
{"level":30,"time":1780407055374,"pid":2264,"hostname":"DESKTOP-HFFR74R","reqId":"req-50","res":{"statusCode":200},"responseTime":0.43470000475645065,"msg":"request completed"}
{"level":30,"time":1780407070393,"pid":2264,"hostname":"DESKTOP-HFFR74R","reqId":"req-51","req":{"method":"GET","url":"/api/wallets/1/balance"},"msg":"incoming request"}
{"level":30,"time":1780407070394,"pid":2264,"hostname":"DESKTOP-HFFR74R","reqId":"req-51","res":{"statusCode":200},"responseTime":0.37699999660253525,"msg":"request completed"}
{"level":30,"time":1780407070486,"pid":2264,"hostname":"DESKTOP-HFFR74R","reqId":"req-52","req":{"method":"GET","url":"/api/fees"},"msg":"incoming request"}
{"level":30,"time":1780407070594,"pid":2264,"hostname":"DESKTOP-HFFR74R","reqId":"req-52","res":{"statusCode":200},"responseTime":107.53380000591278,"msg":"request completed"}
{"level":30,"time":1780407072329,"pid":2264,"hostname":"DESKTOP-HFFR74R","reqId":"req-53","req":{"method":"GET","url":"/api/settings"},"msg":"incoming request"}
{"level":30,"time":1780407072329,"pid":2264,"hostname":"DESKTOP-HFFR74R","reqId":"req-53","res":{"statusCode":200},"responseTime":0.38280000537633896,"msg":"request completed"}
{"level":30,"time":1780407072329,"pid":2264,"hostname":"DESKTOP-HFFR74R","reqId":"req-54","req":{"method":"GET","url":"/api/wallets/1"},"msg":"incoming request"}
{"level":30,"time":1780407072330,"pid":2264,"hostname":"DESKTOP-HFFR74R","reqId":"req-54","res":{"statusCode":200},"responseTime":0.5026999935507774,"msg":"request completed"}
{"level":30,"time":1780407072330,"pid":2264,"hostname":"DESKTOP-HFFR74R","reqId":"req-55","req":{"method":"GET","url":"/api/wallets/1/sync/status"},"msg":"incoming request"}
{"level":30,"time":1780407072331,"pid":2264,"hostname":"DESKTOP-HFFR74R","reqId":"req-55","res":{"statusCode":200},"responseTime":0.35090000182390213,"msg":"request completed"}
{"level":30,"time":1780407077123,"pid":2264,"hostname":"DESKTOP-HFFR74R","reqId":"req-56","req":{"method":"GET","url":"/api/fees"},"msg":"incoming request"}
{"level":30,"time":1780407077123,"pid":2264,"hostname":"DESKTOP-HFFR74R","reqId":"req-56","res":{"statusCode":200},"responseTime":0.4042000025510788,"msg":"request completed"}
{"level":30,"time":1780407077124,"pid":2264,"hostname":"DESKTOP-HFFR74R","reqId":"req-57","req":{"method":"GET","url":"/api/settings"},"msg":"incoming request"}
{"level":30,"time":1780407077124,"pid":2264,"hostname":"DESKTOP-HFFR74R","reqId":"req-57","res":{"statusCode":200},"responseTime":0.40370000153779984,"msg":"request completed"}
{"level":30,"time":1780407077125,"pid":2264,"hostname":"DESKTOP-HFFR74R","reqId":"req-58","req":{"method":"GET","url":"/api/wallets/1"},"msg":"incoming request"}
{"level":30,"time":1780407077126,"pid":2264,"hostname":"DESKTOP-HFFR74R","reqId":"req-58","res":{"statusCode":200},"responseTime":0.935699999332428,"msg":"request completed"}
{"level":30,"time":1780407077129,"pid":2264,"hostname":"DESKTOP-HFFR74R","reqId":"req-59","req":{"method":"GET","url":"/api/wallets/1/balance"},"msg":"incoming request"}
{"level":30,"time":1780407077130,"pid":2264,"hostname":"DESKTOP-HFFR74R","reqId":"req-59","res":{"statusCode":200},"responseTime":0.5164999961853027,"msg":"request completed"}
{"level":30,"time":1780407077130,"pid":2264,"hostname":"DESKTOP-HFFR74R","reqId":"req-5a","req":{"method":"GET","url":"/api/wallets/1/sync/status"},"msg":"incoming request"}
{"level":30,"time":1780407077131,"pid":2264,"hostname":"DESKTOP-HFFR74R","reqId":"req-5a","res":{"statusCode":200},"responseTime":0.4439999982714653,"msg":"request completed"}
{"level":30,"time":1780407077131,"pid":2264,"hostname":"DESKTOP-HFFR74R","reqId":"req-5b","req":{"method":"GET","url":"/api/wallets"},"msg":"incoming request"}
{"level":30,"time":1780407077132,"pid":2264,"hostname":"DESKTOP-HFFR74R","reqId":"req-5b","res":{"statusCode":200},"responseTime":0.4868000000715256,"msg":"request completed"}
{"level":30,"time":1780407087326,"pid":2264,"hostname":"DESKTOP-HFFR74R","reqId":"req-5c","req":{"method":"GET","url":"/api/wallets/1/balance"},"msg":"incoming request"}
{"level":30,"time":1780407087326,"pid":2264,"hostname":"DESKTOP-HFFR74R","reqId":"req-5c","res":{"statusCode":200},"responseTime":0.36159999668598175,"msg":"request completed"}
{"level":30,"time":1780407092159,"pid":2264,"hostname":"DESKTOP-HFFR74R","reqId":"req-5d","req":{"method":"GET","url":"/api/wallets/1/balance"},"msg":"incoming request"}
{"level":30,"time":1780407092159,"pid":2264,"hostname":"DESKTOP-HFFR74R","reqId":"req-5d","res":{"statusCode":200},"responseTime":0.3621999993920326,"msg":"request completed"}
{"level":30,"time":1780407102341,"pid":2264,"hostname":"DESKTOP-HFFR74R","reqId":"req-5e","req":{"method":"GET","url":"/api/wallets/1/balance"},"msg":"incoming request"}
{"level":30,"time":1780407102341,"pid":2264,"hostname":"DESKTOP-HFFR74R","reqId":"req-5e","res":{"statusCode":200},"responseTime":0.4162999987602234,"msg":"request completed"}
{"level":30,"time":1780407107170,"pid":2264,"hostname":"DESKTOP-HFFR74R","reqId":"req-5f","req":{"method":"GET","url":"/api/wallets/1/balance"},"msg":"incoming request"}
{"level":30,"time":1780407107170,"pid":2264,"hostname":"DESKTOP-HFFR74R","reqId":"req-5f","res":{"statusCode":200},"responseTime":0.39230000227689743,"msg":"request completed"}
{"level":30,"time":1780407117357,"pid":2264,"hostname":"DESKTOP-HFFR74R","reqId":"req-5g","req":{"method":"GET","url":"/api/wallets/1/balance"},"msg":"incoming request"}
{"level":30,"time":1780407117358,"pid":2264,"hostname":"DESKTOP-HFFR74R","reqId":"req-5g","res":{"statusCode":200},"responseTime":0.4083999991416931,"msg":"request completed"}
{"level":30,"time":1780407122186,"pid":2264,"hostname":"DESKTOP-HFFR74R","reqId":"req-5h","req":{"method":"GET","url":"/api/wallets/1/balance"},"msg":"incoming request"}
{"level":30,"time":1780407122186,"pid":2264,"hostname":"DESKTOP-HFFR74R","reqId":"req-5h","res":{"statusCode":200},"responseTime":0.3601999953389168,"msg":"request completed"}
{"level":30,"time":1780407132322,"pid":2264,"hostname":"DESKTOP-HFFR74R","reqId":"req-5i","req":{"method":"GET","url":"/api/fees"},"msg":"incoming request"}
{"level":30,"time":1780407132368,"pid":2264,"hostname":"DESKTOP-HFFR74R","reqId":"req-5j","req":{"method":"GET","url":"/api/wallets/1/balance"},"msg":"incoming request"}
{"level":30,"time":1780407132368,"pid":2264,"hostname":"DESKTOP-HFFR74R","reqId":"req-5j","res":{"statusCode":200},"responseTime":0.33959999680519104,"msg":"request completed"}
{"level":30,"time":1780407132427,"pid":2264,"hostname":"DESKTOP-HFFR74R","reqId":"req-5i","res":{"statusCode":200},"responseTime":104.14919999986887,"msg":"request completed"}
{"level":30,"time":1780407137138,"pid":2264,"hostname":"DESKTOP-HFFR74R","reqId":"req-5k","req":{"method":"GET","url":"/api/fees"},"msg":"incoming request"}
{"level":30,"time":1780407137138,"pid":2264,"hostname":"DESKTOP-HFFR74R","reqId":"req-5k","res":{"statusCode":200},"responseTime":0.17870000004768372,"msg":"request completed"}
{"level":30,"time":1780407137199,"pid":2264,"hostname":"DESKTOP-HFFR74R","reqId":"req-5l","req":{"method":"GET","url":"/api/wallets/1/balance"},"msg":"incoming request"}
{"level":30,"time":1780407137200,"pid":2264,"hostname":"DESKTOP-HFFR74R","reqId":"req-5l","res":{"statusCode":200},"responseTime":0.26509999483823776,"msg":"request completed"}
{"level":30,"time":1780407147378,"pid":2264,"hostname":"DESKTOP-HFFR74R","reqId":"req-5m","req":{"method":"GET","url":"/api/wallets/1/balance"},"msg":"incoming request"}
{"level":30,"time":1780407147378,"pid":2264,"hostname":"DESKTOP-HFFR74R","reqId":"req-5m","res":{"statusCode":200},"responseTime":0.30250000208616257,"msg":"request completed"}
{"level":30,"time":1780407151929,"pid":2264,"hostname":"DESKTOP-HFFR74R","reqId":"req-5n","req":{"method":"GET","url":"/api/fees"},"msg":"incoming request"}
{"level":30,"time":1780407151930,"pid":2264,"hostname":"DESKTOP-HFFR74R","reqId":"req-5n","res":{"statusCode":200},"responseTime":0.3343999981880188,"msg":"request completed"}
{"level":30,"time":1780407151930,"pid":2264,"hostname":"DESKTOP-HFFR74R","reqId":"req-5o","req":{"method":"GET","url":"/api/settings"},"msg":"incoming request"}
{"level":30,"time":1780407151930,"pid":2264,"hostname":"DESKTOP-HFFR74R","reqId":"req-5o","res":{"statusCode":200},"responseTime":0.2980000004172325,"msg":"request completed"}
{"level":30,"time":1780407151933,"pid":2264,"hostname":"DESKTOP-HFFR74R","reqId":"req-5p","req":{"method":"GET","url":"/api/wallets/1"},"msg":"incoming request"}
{"level":30,"time":1780407151934,"pid":2264,"hostname":"DESKTOP-HFFR74R","reqId":"req-5p","res":{"statusCode":200},"responseTime":0.4375,"msg":"request completed"}
{"level":30,"time":1780407151934,"pid":2264,"hostname":"DESKTOP-HFFR74R","reqId":"req-5q","req":{"method":"GET","url":"/api/wallets/1/balance"},"msg":"incoming request"}
{"level":30,"time":1780407151934,"pid":2264,"hostname":"DESKTOP-HFFR74R","reqId":"req-5q","res":{"statusCode":200},"responseTime":0.2239999994635582,"msg":"request completed"}
{"level":30,"time":1780407151936,"pid":2264,"hostname":"DESKTOP-HFFR74R","reqId":"req-5r","req":{"method":"GET","url":"/api/wallets/1/sync/status"},"msg":"incoming request"}
{"level":30,"time":1780407151937,"pid":2264,"hostname":"DESKTOP-HFFR74R","reqId":"req-5r","res":{"statusCode":200},"responseTime":0.4698000028729439,"msg":"request completed"}
{"level":30,"time":1780407151937,"pid":2264,"hostname":"DESKTOP-HFFR74R","reqId":"req-5s","req":{"method":"GET","url":"/api/wallets"},"msg":"incoming request"}
{"level":30,"time":1780407151937,"pid":2264,"hostname":"DESKTOP-HFFR74R","reqId":"req-5s","res":{"statusCode":200},"responseTime":0.4522999972105026,"msg":"request completed"}
{"level":30,"time":1780407162382,"pid":2264,"hostname":"DESKTOP-HFFR74R","reqId":"req-5t","req":{"method":"GET","url":"/api/wallets/1/balance"},"msg":"incoming request"}
{"level":30,"time":1780407162382,"pid":2264,"hostname":"DESKTOP-HFFR74R","reqId":"req-5t","res":{"statusCode":200},"responseTime":0.32739999890327454,"msg":"request completed"}
{"level":30,"time":1780407163137,"pid":2264,"hostname":"DESKTOP-HFFR74R","reqId":"req-5u","req":{"method":"PUT","url":"/api/settings"},"msg":"incoming request"}
{"level":30,"time":1780407163139,"pid":2264,"hostname":"DESKTOP-HFFR74R","reqId":"req-5u","res":{"statusCode":200},"responseTime":1.1085999980568886,"msg":"request completed"}
{"level":30,"time":1780407163145,"pid":2264,"hostname":"DESKTOP-HFFR74R","reqId":"req-5v","req":{"method":"GET","url":"/api/settings"},"msg":"incoming request"}
{"level":30,"time":1780407163146,"pid":2264,"hostname":"DESKTOP-HFFR74R","reqId":"req-5v","res":{"statusCode":200},"responseTime":0.39829999953508377,"msg":"request completed"}
{"level":30,"time":1780407163147,"pid":2264,"hostname":"DESKTOP-HFFR74R","reqId":"req-5w","req":{"method":"GET","url":"/api/wallets/1/balance"},"msg":"incoming request"}
{"level":30,"time":1780407163147,"pid":2264,"hostname":"DESKTOP-HFFR74R","reqId":"req-5w","res":{"statusCode":200},"responseTime":0.4170000031590462,"msg":"request completed"}
{"level":30,"time":1780407164031,"pid":2264,"hostname":"DESKTOP-HFFR74R","reqId":"req-5x","req":{"method":"PUT","url":"/api/settings"},"msg":"incoming request"}
{"level":30,"time":1780407164031,"pid":2264,"hostname":"DESKTOP-HFFR74R","reqId":"req-5x","res":{"statusCode":200},"responseTime":0.488599993288517,"msg":"request completed"}
{"level":30,"time":1780407164035,"pid":2264,"hostname":"DESKTOP-HFFR74R","reqId":"req-5y","req":{"method":"GET","url":"/api/settings"},"msg":"incoming request"}
{"level":30,"time":1780407164036,"pid":2264,"hostname":"DESKTOP-HFFR74R","reqId":"req-5y","res":{"statusCode":200},"responseTime":0.2890999987721443,"msg":"request completed"}
{"level":30,"time":1780407164036,"pid":2264,"hostname":"DESKTOP-HFFR74R","reqId":"req-5z","req":{"method":"GET","url":"/api/wallets/1/balance"},"msg":"incoming request"}
{"level":30,"time":1780407164037,"pid":2264,"hostname":"DESKTOP-HFFR74R","reqId":"req-5z","res":{"statusCode":200},"responseTime":0.3011000007390976,"msg":"request completed"}
{"level":30,"time":1780407164636,"pid":2264,"hostname":"DESKTOP-HFFR74R","reqId":"req-60","req":{"method":"PUT","url":"/api/settings"},"msg":"incoming request"}
{"level":30,"time":1780407164637,"pid":2264,"hostname":"DESKTOP-HFFR74R","reqId":"req-60","res":{"statusCode":200},"responseTime":0.6450999975204468,"msg":"request completed"}
{"level":30,"time":1780407164640,"pid":2264,"hostname":"DESKTOP-HFFR74R","reqId":"req-61","req":{"method":"GET","url":"/api/settings"},"msg":"incoming request"}
{"level":30,"time":1780407164641,"pid":2264,"hostname":"DESKTOP-HFFR74R","reqId":"req-61","res":{"statusCode":200},"responseTime":0.29569999873638153,"msg":"request completed"}
{"level":30,"time":1780407164641,"pid":2264,"hostname":"DESKTOP-HFFR74R","reqId":"req-62","req":{"method":"GET","url":"/api/wallets/1/balance"},"msg":"incoming request"}
{"level":30,"time":1780407164642,"pid":2264,"hostname":"DESKTOP-HFFR74R","reqId":"req-62","res":{"statusCode":200},"responseTime":0.281700000166893,"msg":"request completed"}
{"level":30,"time":1780407165145,"pid":2264,"hostname":"DESKTOP-HFFR74R","reqId":"req-63","req":{"method":"PUT","url":"/api/settings"},"msg":"incoming request"}
{"level":30,"time":1780407165146,"pid":2264,"hostname":"DESKTOP-HFFR74R","reqId":"req-63","res":{"statusCode":200},"responseTime":0.5886000022292137,"msg":"request completed"}
{"level":30,"time":1780407165149,"pid":2264,"hostname":"DESKTOP-HFFR74R","reqId":"req-64","req":{"method":"GET","url":"/api/settings"},"msg":"incoming request"}
{"level":30,"time":1780407165149,"pid":2264,"hostname":"DESKTOP-HFFR74R","reqId":"req-64","res":{"statusCode":200},"responseTime":0.2866000011563301,"msg":"request completed"}
{"level":30,"time":1780407165150,"pid":2264,"hostname":"DESKTOP-HFFR74R","reqId":"req-65","req":{"method":"GET","url":"/api/wallets/1/balance"},"msg":"incoming request"}
{"level":30,"time":1780407165150,"pid":2264,"hostname":"DESKTOP-HFFR74R","reqId":"req-65","res":{"statusCode":200},"responseTime":0.30650000274181366,"msg":"request completed"}
{"level":30,"time":1780407166502,"pid":2264,"hostname":"DESKTOP-HFFR74R","reqId":"req-66","req":{"method":"PUT","url":"/api/settings"},"msg":"incoming request"}
{"level":30,"time":1780407166502,"pid":2264,"hostname":"DESKTOP-HFFR74R","reqId":"req-66","res":{"statusCode":200},"responseTime":0.4092000052332878,"msg":"request completed"}
{"level":30,"time":1780407166507,"pid":2264,"hostname":"DESKTOP-HFFR74R","reqId":"req-67","req":{"method":"GET","url":"/api/settings"},"msg":"incoming request"}
{"level":30,"time":1780407166507,"pid":2264,"hostname":"DESKTOP-HFFR74R","reqId":"req-67","res":{"statusCode":200},"responseTime":0.33489999920129776,"msg":"request completed"}
{"level":30,"time":1780407166508,"pid":2264,"hostname":"DESKTOP-HFFR74R","reqId":"req-68","req":{"method":"GET","url":"/api/wallets/1/balance"},"msg":"incoming request"}
{"level":30,"time":1780407166508,"pid":2264,"hostname":"DESKTOP-HFFR74R","reqId":"req-68","res":{"statusCode":200},"responseTime":0.3635000064969063,"msg":"request completed"}
{"level":30,"time":1780407166974,"pid":2264,"hostname":"DESKTOP-HFFR74R","reqId":"req-69","req":{"method":"GET","url":"/api/wallets/1/balance"},"msg":"incoming request"}
{"level":30,"time":1780407166975,"pid":2264,"hostname":"DESKTOP-HFFR74R","reqId":"req-69","res":{"statusCode":200},"responseTime":0.2864999994635582,"msg":"request completed"}
{"level":30,"time":1780407167465,"pid":2264,"hostname":"DESKTOP-HFFR74R","reqId":"req-6a","req":{"method":"PUT","url":"/api/settings"},"msg":"incoming request"}
{"level":30,"time":1780407167466,"pid":2264,"hostname":"DESKTOP-HFFR74R","reqId":"req-6a","res":{"statusCode":200},"responseTime":0.48249999433755875,"msg":"request completed"}
{"level":30,"time":1780407167470,"pid":2264,"hostname":"DESKTOP-HFFR74R","reqId":"req-6b","req":{"method":"GET","url":"/api/settings"},"msg":"incoming request"}
{"level":30,"time":1780407167470,"pid":2264,"hostname":"DESKTOP-HFFR74R","reqId":"req-6b","res":{"statusCode":200},"responseTime":0.2705000042915344,"msg":"request completed"}
{"level":30,"time":1780407167470,"pid":2264,"hostname":"DESKTOP-HFFR74R","reqId":"req-6c","req":{"method":"GET","url":"/api/wallets/1/balance"},"msg":"incoming request"}
{"level":30,"time":1780407167471,"pid":2264,"hostname":"DESKTOP-HFFR74R","reqId":"req-6c","res":{"statusCode":200},"responseTime":0.25270000100135803,"msg":"request completed"}
{"level":30,"time":1780407168410,"pid":2264,"hostname":"DESKTOP-HFFR74R","reqId":"req-6d","req":{"method":"PUT","url":"/api/settings"},"msg":"incoming request"}
{"level":30,"time":1780407168410,"pid":2264,"hostname":"DESKTOP-HFFR74R","reqId":"req-6d","res":{"statusCode":200},"responseTime":0.41839999705553055,"msg":"request completed"}
{"level":30,"time":1780407168414,"pid":2264,"hostname":"DESKTOP-HFFR74R","reqId":"req-6e","req":{"method":"GET","url":"/api/settings"},"msg":"incoming request"}
{"level":30,"time":1780407168414,"pid":2264,"hostname":"DESKTOP-HFFR74R","reqId":"req-6e","res":{"statusCode":200},"responseTime":0.2988000065088272,"msg":"request completed"}
{"level":30,"time":1780407168415,"pid":2264,"hostname":"DESKTOP-HFFR74R","reqId":"req-6f","req":{"method":"GET","url":"/api/wallets/1/balance"},"msg":"incoming request"}
{"level":30,"time":1780407168415,"pid":2264,"hostname":"DESKTOP-HFFR74R","reqId":"req-6f","res":{"statusCode":200},"responseTime":0.27759999781847,"msg":"request completed"}
{"level":30,"time":1780407168810,"pid":2264,"hostname":"DESKTOP-HFFR74R","reqId":"req-6g","req":{"method":"PUT","url":"/api/settings"},"msg":"incoming request"}
{"level":30,"time":1780407168810,"pid":2264,"hostname":"DESKTOP-HFFR74R","reqId":"req-6g","res":{"statusCode":200},"responseTime":0.3465999960899353,"msg":"request completed"}
{"level":30,"time":1780407168814,"pid":2264,"hostname":"DESKTOP-HFFR74R","reqId":"req-6h","req":{"method":"GET","url":"/api/settings"},"msg":"incoming request"}
{"level":30,"time":1780407168814,"pid":2264,"hostname":"DESKTOP-HFFR74R","reqId":"req-6h","res":{"statusCode":200},"responseTime":0.2672000005841255,"msg":"request completed"}
{"level":30,"time":1780407168815,"pid":2264,"hostname":"DESKTOP-HFFR74R","reqId":"req-6i","req":{"method":"GET","url":"/api/wallets/1/balance"},"msg":"incoming request"}
{"level":30,"time":1780407168815,"pid":2264,"hostname":"DESKTOP-HFFR74R","reqId":"req-6i","res":{"statusCode":200},"responseTime":0.3126000016927719,"msg":"request completed"}
{"level":30,"time":1780407169737,"pid":2264,"hostname":"DESKTOP-HFFR74R","reqId":"req-6j","req":{"method":"PUT","url":"/api/settings"},"msg":"incoming request"}
{"level":30,"time":1780407169737,"pid":2264,"hostname":"DESKTOP-HFFR74R","reqId":"req-6j","res":{"statusCode":200},"responseTime":0.4165000021457672,"msg":"request completed"}
{"level":30,"time":1780407169741,"pid":2264,"hostname":"DESKTOP-HFFR74R","reqId":"req-6k","req":{"method":"GET","url":"/api/settings"},"msg":"incoming request"}
{"level":30,"time":1780407169741,"pid":2264,"hostname":"DESKTOP-HFFR74R","reqId":"req-6k","res":{"statusCode":200},"responseTime":0.3231000006198883,"msg":"request completed"}
{"level":30,"time":1780407169742,"pid":2264,"hostname":"DESKTOP-HFFR74R","reqId":"req-6l","req":{"method":"GET","url":"/api/wallets/1/balance"},"msg":"incoming request"}
{"level":30,"time":1780407169742,"pid":2264,"hostname":"DESKTOP-HFFR74R","reqId":"req-6l","res":{"statusCode":200},"responseTime":0.29580000042915344,"msg":"request completed"}
{"level":30,"time":1780407170845,"pid":2264,"hostname":"DESKTOP-HFFR74R","reqId":"req-6m","req":{"method":"PUT","url":"/api/settings"},"msg":"incoming request"}
{"level":30,"time":1780407170845,"pid":2264,"hostname":"DESKTOP-HFFR74R","reqId":"req-6m","res":{"statusCode":200},"responseTime":0.406700000166893,"msg":"request completed"}
{"level":30,"time":1780407170849,"pid":2264,"hostname":"DESKTOP-HFFR74R","reqId":"req-6n","req":{"method":"GET","url":"/api/settings"},"msg":"incoming request"}
{"level":30,"time":1780407170850,"pid":2264,"hostname":"DESKTOP-HFFR74R","reqId":"req-6n","res":{"statusCode":200},"responseTime":0.27229999750852585,"msg":"request completed"}
{"level":30,"time":1780407170850,"pid":2264,"hostname":"DESKTOP-HFFR74R","reqId":"req-6o","req":{"method":"GET","url":"/api/wallets/1/balance"},"msg":"incoming request"}
{"level":30,"time":1780407170850,"pid":2264,"hostname":"DESKTOP-HFFR74R","reqId":"req-6o","res":{"statusCode":200},"responseTime":0.3084000051021576,"msg":"request completed"}
{"level":30,"time":1780407171257,"pid":2264,"hostname":"DESKTOP-HFFR74R","reqId":"req-6p","req":{"method":"PUT","url":"/api/settings"},"msg":"incoming request"}
{"level":30,"time":1780407171257,"pid":2264,"hostname":"DESKTOP-HFFR74R","reqId":"req-6p","res":{"statusCode":200},"responseTime":0.3474999964237213,"msg":"request completed"}
{"level":30,"time":1780407171261,"pid":2264,"hostname":"DESKTOP-HFFR74R","reqId":"req-6q","req":{"method":"GET","url":"/api/settings"},"msg":"incoming request"}
{"level":30,"time":1780407171261,"pid":2264,"hostname":"DESKTOP-HFFR74R","reqId":"req-6q","res":{"statusCode":200},"responseTime":0.3049999997019768,"msg":"request completed"}
{"level":30,"time":1780407171262,"pid":2264,"hostname":"DESKTOP-HFFR74R","reqId":"req-6r","req":{"method":"GET","url":"/api/wallets/1/balance"},"msg":"incoming request"}
{"level":30,"time":1780407171262,"pid":2264,"hostname":"DESKTOP-HFFR74R","reqId":"req-6r","res":{"statusCode":200},"responseTime":0.3069000020623207,"msg":"request completed"}
{"level":30,"time":1780407171500,"pid":2264,"hostname":"DESKTOP-HFFR74R","reqId":"req-6s","req":{"method":"PUT","url":"/api/settings"},"msg":"incoming request"}
{"level":30,"time":1780407171500,"pid":2264,"hostname":"DESKTOP-HFFR74R","reqId":"req-6s","res":{"statusCode":200},"responseTime":0.33889999985694885,"msg":"request completed"}
{"level":30,"time":1780407171504,"pid":2264,"hostname":"DESKTOP-HFFR74R","reqId":"req-6t","req":{"method":"GET","url":"/api/settings"},"msg":"incoming request"}
{"level":30,"time":1780407171504,"pid":2264,"hostname":"DESKTOP-HFFR74R","reqId":"req-6t","res":{"statusCode":200},"responseTime":0.25840000063180923,"msg":"request completed"}
{"level":30,"time":1780407171505,"pid":2264,"hostname":"DESKTOP-HFFR74R","reqId":"req-6u","req":{"method":"GET","url":"/api/wallets/1/balance"},"msg":"incoming request"}
{"level":30,"time":1780407171505,"pid":2264,"hostname":"DESKTOP-HFFR74R","reqId":"req-6u","res":{"statusCode":200},"responseTime":0.22500000149011612,"msg":"request completed"}
{"level":30,"time":1780407171621,"pid":2264,"hostname":"DESKTOP-HFFR74R","reqId":"req-6v","req":{"method":"PUT","url":"/api/settings"},"msg":"incoming request"}
{"level":30,"time":1780407171621,"pid":2264,"hostname":"DESKTOP-HFFR74R","reqId":"req-6v","res":{"statusCode":200},"responseTime":0.38100000470876694,"msg":"request completed"}
{"level":30,"time":1780407171625,"pid":2264,"hostname":"DESKTOP-HFFR74R","reqId":"req-6w","req":{"method":"GET","url":"/api/settings"},"msg":"incoming request"}
{"level":30,"time":1780407171625,"pid":2264,"hostname":"DESKTOP-HFFR74R","reqId":"req-6w","res":{"statusCode":200},"responseTime":0.34960000216960907,"msg":"request completed"}
{"level":30,"time":1780407171626,"pid":2264,"hostname":"DESKTOP-HFFR74R","reqId":"req-6x","req":{"method":"GET","url":"/api/wallets/1/balance"},"msg":"incoming request"}
{"level":30,"time":1780407171626,"pid":2264,"hostname":"DESKTOP-HFFR74R","reqId":"req-6x","res":{"statusCode":200},"responseTime":0.2599000036716461,"msg":"request completed"}
{"level":30,"time":1780407171742,"pid":2264,"hostname":"DESKTOP-HFFR74R","reqId":"req-6y","req":{"method":"PUT","url":"/api/settings"},"msg":"incoming request"}
{"level":30,"time":1780407171742,"pid":2264,"hostname":"DESKTOP-HFFR74R","reqId":"req-6y","res":{"statusCode":200},"responseTime":0.39479999989271164,"msg":"request completed"}
{"level":30,"time":1780407171746,"pid":2264,"hostname":"DESKTOP-HFFR74R","reqId":"req-6z","req":{"method":"GET","url":"/api/settings"},"msg":"incoming request"}
{"level":30,"time":1780407171747,"pid":2264,"hostname":"DESKTOP-HFFR74R","reqId":"req-6z","res":{"statusCode":200},"responseTime":0.2483000010251999,"msg":"request completed"}
{"level":30,"time":1780407171747,"pid":2264,"hostname":"DESKTOP-HFFR74R","reqId":"req-70","req":{"method":"GET","url":"/api/wallets/1/balance"},"msg":"incoming request"}
{"level":30,"time":1780407171747,"pid":2264,"hostname":"DESKTOP-HFFR74R","reqId":"req-70","res":{"statusCode":200},"responseTime":0.22289999574422836,"msg":"request completed"}
{"level":30,"time":1780407171857,"pid":2264,"hostname":"DESKTOP-HFFR74R","reqId":"req-71","req":{"method":"PUT","url":"/api/settings"},"msg":"incoming request"}
{"level":30,"time":1780407171857,"pid":2264,"hostname":"DESKTOP-HFFR74R","reqId":"req-71","res":{"statusCode":200},"responseTime":0.32259999960660934,"msg":"request completed"}
{"level":30,"time":1780407171861,"pid":2264,"hostname":"DESKTOP-HFFR74R","reqId":"req-72","req":{"method":"GET","url":"/api/settings"},"msg":"incoming request"}
{"level":30,"time":1780407171862,"pid":2264,"hostname":"DESKTOP-HFFR74R","reqId":"req-72","res":{"statusCode":200},"responseTime":0.2336999997496605,"msg":"request completed"}
{"level":30,"time":1780407171862,"pid":2264,"hostname":"DESKTOP-HFFR74R","reqId":"req-73","req":{"method":"GET","url":"/api/wallets/1/balance"},"msg":"incoming request"}
{"level":30,"time":1780407171862,"pid":2264,"hostname":"DESKTOP-HFFR74R","reqId":"req-73","res":{"statusCode":200},"responseTime":0.29569999873638153,"msg":"request completed"}
{"level":30,"time":1780407171954,"pid":2264,"hostname":"DESKTOP-HFFR74R","reqId":"req-74","req":{"method":"PUT","url":"/api/settings"},"msg":"incoming request"}
{"level":30,"time":1780407171954,"pid":2264,"hostname":"DESKTOP-HFFR74R","reqId":"req-74","res":{"statusCode":200},"responseTime":0.37619999796152115,"msg":"request completed"}
{"level":30,"time":1780407171959,"pid":2264,"hostname":"DESKTOP-HFFR74R","reqId":"req-75","req":{"method":"GET","url":"/api/settings"},"msg":"incoming request"}
{"level":30,"time":1780407171959,"pid":2264,"hostname":"DESKTOP-HFFR74R","reqId":"req-75","res":{"statusCode":200},"responseTime":0.2770000025629997,"msg":"request completed"}
{"level":30,"time":1780407171960,"pid":2264,"hostname":"DESKTOP-HFFR74R","reqId":"req-76","req":{"method":"GET","url":"/api/wallets/1/balance"},"msg":"incoming request"}
{"level":30,"time":1780407171960,"pid":2264,"hostname":"DESKTOP-HFFR74R","reqId":"req-76","res":{"statusCode":200},"responseTime":0.39989999681711197,"msg":"request completed"}
{"level":30,"time":1780407172184,"pid":2264,"hostname":"DESKTOP-HFFR74R","reqId":"req-77","req":{"method":"PUT","url":"/api/settings"},"msg":"incoming request"}
{"level":30,"time":1780407172184,"pid":2264,"hostname":"DESKTOP-HFFR74R","reqId":"req-77","res":{"statusCode":200},"responseTime":0.39010000228881836,"msg":"request completed"}
{"level":30,"time":1780407172189,"pid":2264,"hostname":"DESKTOP-HFFR74R","reqId":"req-78","req":{"method":"GET","url":"/api/settings"},"msg":"incoming request"}
{"level":30,"time":1780407172189,"pid":2264,"hostname":"DESKTOP-HFFR74R","reqId":"req-78","res":{"statusCode":200},"responseTime":0.2761000022292137,"msg":"request completed"}
{"level":30,"time":1780407172190,"pid":2264,"hostname":"DESKTOP-HFFR74R","reqId":"req-79","req":{"method":"GET","url":"/api/wallets/1/balance"},"msg":"incoming request"}
{"level":30,"time":1780407172191,"pid":2264,"hostname":"DESKTOP-HFFR74R","reqId":"req-79","res":{"statusCode":200},"responseTime":0.31379999965429306,"msg":"request completed"}
{"level":30,"time":1780407172232,"pid":2264,"hostname":"DESKTOP-HFFR74R","reqId":"req-7a","req":{"method":"PUT","url":"/api/settings"},"msg":"incoming request"}
{"level":30,"time":1780407172233,"pid":2264,"hostname":"DESKTOP-HFFR74R","reqId":"req-7a","res":{"statusCode":200},"responseTime":0.4918000027537346,"msg":"request completed"}
{"level":30,"time":1780407172237,"pid":2264,"hostname":"DESKTOP-HFFR74R","reqId":"req-7b","req":{"method":"GET","url":"/api/settings"},"msg":"incoming request"}
{"level":30,"time":1780407172237,"pid":2264,"hostname":"DESKTOP-HFFR74R","reqId":"req-7b","res":{"statusCode":200},"responseTime":0.3311999961733818,"msg":"request completed"}
{"level":30,"time":1780407172238,"pid":2264,"hostname":"DESKTOP-HFFR74R","reqId":"req-7c","req":{"method":"GET","url":"/api/wallets/1/balance"},"msg":"incoming request"}
{"level":30,"time":1780407172238,"pid":2264,"hostname":"DESKTOP-HFFR74R","reqId":"req-7c","res":{"statusCode":200},"responseTime":0.3125,"msg":"request completed"}
{"level":30,"time":1780407172275,"pid":2264,"hostname":"DESKTOP-HFFR74R","reqId":"req-7d","req":{"method":"PUT","url":"/api/settings"},"msg":"incoming request"}
{"level":30,"time":1780407172275,"pid":2264,"hostname":"DESKTOP-HFFR74R","reqId":"req-7d","res":{"statusCode":200},"responseTime":0.43789999932050705,"msg":"request completed"}
{"level":30,"time":1780407172280,"pid":2264,"hostname":"DESKTOP-HFFR74R","reqId":"req-7e","req":{"method":"GET","url":"/api/settings"},"msg":"incoming request"}
{"level":30,"time":1780407172280,"pid":2264,"hostname":"DESKTOP-HFFR74R","reqId":"req-7e","res":{"statusCode":200},"responseTime":0.25450000166893005,"msg":"request completed"}
{"level":30,"time":1780407172280,"pid":2264,"hostname":"DESKTOP-HFFR74R","reqId":"req-7f","req":{"method":"GET","url":"/api/wallets/1/balance"},"msg":"incoming request"}
{"level":30,"time":1780407172281,"pid":2264,"hostname":"DESKTOP-HFFR74R","reqId":"req-7f","res":{"statusCode":200},"responseTime":0.24549999833106995,"msg":"request completed"}
{"level":30,"time":1780407172329,"pid":2264,"hostname":"DESKTOP-HFFR74R","reqId":"req-7g","req":{"method":"PUT","url":"/api/settings"},"msg":"incoming request"}
{"level":30,"time":1780407172330,"pid":2264,"hostname":"DESKTOP-HFFR74R","reqId":"req-7g","res":{"statusCode":200},"responseTime":0.38439999520778656,"msg":"request completed"}
{"level":30,"time":1780407172333,"pid":2264,"hostname":"DESKTOP-HFFR74R","reqId":"req-7h","req":{"method":"GET","url":"/api/settings"},"msg":"incoming request"}
{"level":30,"time":1780407172334,"pid":2264,"hostname":"DESKTOP-HFFR74R","reqId":"req-7h","res":{"statusCode":200},"responseTime":0.33089999854564667,"msg":"request completed"}
{"level":30,"time":1780407172334,"pid":2264,"hostname":"DESKTOP-HFFR74R","reqId":"req-7i","req":{"method":"GET","url":"/api/wallets/1/balance"},"msg":"incoming request"}
{"level":30,"time":1780407172335,"pid":2264,"hostname":"DESKTOP-HFFR74R","reqId":"req-7i","res":{"statusCode":200},"responseTime":0.4270999953150749,"msg":"request completed"}
{"level":30,"time":1780407172396,"pid":2264,"hostname":"DESKTOP-HFFR74R","reqId":"req-7j","req":{"method":"PUT","url":"/api/settings"},"msg":"incoming request"}
{"level":30,"time":1780407172396,"pid":2264,"hostname":"DESKTOP-HFFR74R","reqId":"req-7j","res":{"statusCode":200},"responseTime":0.3464000001549721,"msg":"request completed"}
{"level":30,"time":1780407172400,"pid":2264,"hostname":"DESKTOP-HFFR74R","reqId":"req-7k","req":{"method":"GET","url":"/api/settings"},"msg":"incoming request"}
{"level":30,"time":1780407172401,"pid":2264,"hostname":"DESKTOP-HFFR74R","reqId":"req-7k","res":{"statusCode":200},"responseTime":0.30710000544786453,"msg":"request completed"}
{"level":30,"time":1780407172401,"pid":2264,"hostname":"DESKTOP-HFFR74R","reqId":"req-7l","req":{"method":"GET","url":"/api/wallets/1/balance"},"msg":"incoming request"}
{"level":30,"time":1780407172402,"pid":2264,"hostname":"DESKTOP-HFFR74R","reqId":"req-7l","res":{"statusCode":200},"responseTime":0.2629999965429306,"msg":"request completed"}
{"level":30,"time":1780407172463,"pid":2264,"hostname":"DESKTOP-HFFR74R","reqId":"req-7m","req":{"method":"PUT","url":"/api/settings"},"msg":"incoming request"}
{"level":30,"time":1780407172463,"pid":2264,"hostname":"DESKTOP-HFFR74R","reqId":"req-7m","res":{"statusCode":200},"responseTime":0.3634999990463257,"msg":"request completed"}
{"level":30,"time":1780407172467,"pid":2264,"hostname":"DESKTOP-HFFR74R","reqId":"req-7n","req":{"method":"GET","url":"/api/settings"},"msg":"incoming request"}
{"level":30,"time":1780407172467,"pid":2264,"hostname":"DESKTOP-HFFR74R","reqId":"req-7n","res":{"statusCode":200},"responseTime":0.28140000253915787,"msg":"request completed"}
{"level":30,"time":1780407172468,"pid":2264,"hostname":"DESKTOP-HFFR74R","reqId":"req-7o","req":{"method":"GET","url":"/api/wallets/1/balance"},"msg":"incoming request"}
{"level":30,"time":1780407172468,"pid":2264,"hostname":"DESKTOP-HFFR74R","reqId":"req-7o","res":{"statusCode":200},"responseTime":0.25459999591112137,"msg":"request completed"}
{"level":30,"time":1780407172529,"pid":2264,"hostname":"DESKTOP-HFFR74R","reqId":"req-7p","req":{"method":"PUT","url":"/api/settings"},"msg":"incoming request"}
{"level":30,"time":1780407172529,"pid":2264,"hostname":"DESKTOP-HFFR74R","reqId":"req-7p","res":{"statusCode":200},"responseTime":0.32680000364780426,"msg":"request completed"}
{"level":30,"time":1780407172534,"pid":2264,"hostname":"DESKTOP-HFFR74R","reqId":"req-7q","req":{"method":"GET","url":"/api/settings"},"msg":"incoming request"}
{"level":30,"time":1780407172534,"pid":2264,"hostname":"DESKTOP-HFFR74R","reqId":"req-7q","res":{"statusCode":200},"responseTime":0.293100006878376,"msg":"request completed"}
{"level":30,"time":1780407172534,"pid":2264,"hostname":"DESKTOP-HFFR74R","reqId":"req-7r","req":{"method":"GET","url":"/api/wallets/1/balance"},"msg":"incoming request"}
{"level":30,"time":1780407172535,"pid":2264,"hostname":"DESKTOP-HFFR74R","reqId":"req-7r","res":{"statusCode":200},"responseTime":0.3426000028848648,"msg":"request completed"}
{"level":30,"time":1780407172856,"pid":2264,"hostname":"DESKTOP-HFFR74R","reqId":"req-7s","req":{"method":"PUT","url":"/api/settings"},"msg":"incoming request"}
{"level":30,"time":1780407172857,"pid":2264,"hostname":"DESKTOP-HFFR74R","reqId":"req-7s","res":{"statusCode":200},"responseTime":0.3304999992251396,"msg":"request completed"}
{"level":30,"time":1780407172861,"pid":2264,"hostname":"DESKTOP-HFFR74R","reqId":"req-7t","req":{"method":"GET","url":"/api/settings"},"msg":"incoming request"}
{"level":30,"time":1780407172861,"pid":2264,"hostname":"DESKTOP-HFFR74R","reqId":"req-7t","res":{"statusCode":200},"responseTime":0.3417000025510788,"msg":"request completed"}
{"level":30,"time":1780407172862,"pid":2264,"hostname":"DESKTOP-HFFR74R","reqId":"req-7u","req":{"method":"GET","url":"/api/wallets/1/balance"},"msg":"incoming request"}
{"level":30,"time":1780407172862,"pid":2264,"hostname":"DESKTOP-HFFR74R","reqId":"req-7u","res":{"statusCode":200},"responseTime":0.29500000178813934,"msg":"request completed"}
{"level":30,"time":1780407172906,"pid":2264,"hostname":"DESKTOP-HFFR74R","reqId":"req-7v","req":{"method":"PUT","url":"/api/settings"},"msg":"incoming request"}
{"level":30,"time":1780407172906,"pid":2264,"hostname":"DESKTOP-HFFR74R","reqId":"req-7v","res":{"statusCode":200},"responseTime":0.6384999975562096,"msg":"request completed"}
{"level":30,"time":1780407172911,"pid":2264,"hostname":"DESKTOP-HFFR74R","reqId":"req-7w","req":{"method":"GET","url":"/api/settings"},"msg":"incoming request"}
{"level":30,"time":1780407172911,"pid":2264,"hostname":"DESKTOP-HFFR74R","reqId":"req-7w","res":{"statusCode":200},"responseTime":0.24289999902248383,"msg":"request completed"}
{"level":30,"time":1780407172911,"pid":2264,"hostname":"DESKTOP-HFFR74R","reqId":"req-7x","req":{"method":"GET","url":"/api/wallets/1/balance"},"msg":"incoming request"}
{"level":30,"time":1780407172912,"pid":2264,"hostname":"DESKTOP-HFFR74R","reqId":"req-7x","res":{"statusCode":200},"responseTime":0.25689999759197235,"msg":"request completed"}
{"level":30,"time":1780407172959,"pid":2264,"hostname":"DESKTOP-HFFR74R","reqId":"req-7y","req":{"method":"PUT","url":"/api/settings"},"msg":"incoming request"}
{"level":30,"time":1780407172960,"pid":2264,"hostname":"DESKTOP-HFFR74R","reqId":"req-7y","res":{"statusCode":200},"responseTime":0.35680000483989716,"msg":"request completed"}
{"level":30,"time":1780407172964,"pid":2264,"hostname":"DESKTOP-HFFR74R","reqId":"req-7z","req":{"method":"GET","url":"/api/settings"},"msg":"incoming request"}
{"level":30,"time":1780407172965,"pid":2264,"hostname":"DESKTOP-HFFR74R","reqId":"req-7z","res":{"statusCode":200},"responseTime":0.34860000014305115,"msg":"request completed"}
{"level":30,"time":1780407172965,"pid":2264,"hostname":"DESKTOP-HFFR74R","reqId":"req-80","req":{"method":"GET","url":"/api/wallets/1/balance"},"msg":"incoming request"}
{"level":30,"time":1780407172966,"pid":2264,"hostname":"DESKTOP-HFFR74R","reqId":"req-80","res":{"statusCode":200},"responseTime":0.2782999947667122,"msg":"request completed"}
{"level":30,"time":1780407173008,"pid":2264,"hostname":"DESKTOP-HFFR74R","reqId":"req-81","req":{"method":"PUT","url":"/api/settings"},"msg":"incoming request"}
{"level":30,"time":1780407173008,"pid":2264,"hostname":"DESKTOP-HFFR74R","reqId":"req-81","res":{"statusCode":200},"responseTime":0.3895999938249588,"msg":"request completed"}
{"level":30,"time":1780407173012,"pid":2264,"hostname":"DESKTOP-HFFR74R","reqId":"req-82","req":{"method":"GET","url":"/api/settings"},"msg":"incoming request"}
{"level":30,"time":1780407173013,"pid":2264,"hostname":"DESKTOP-HFFR74R","reqId":"req-82","res":{"statusCode":200},"responseTime":0.3530000001192093,"msg":"request completed"}
{"level":30,"time":1780407173013,"pid":2264,"hostname":"DESKTOP-HFFR74R","reqId":"req-83","req":{"method":"GET","url":"/api/wallets/1/balance"},"msg":"incoming request"}
{"level":30,"time":1780407173014,"pid":2264,"hostname":"DESKTOP-HFFR74R","reqId":"req-83","res":{"statusCode":200},"responseTime":0.32670000195503235,"msg":"request completed"}
{"level":30,"time":1780407173056,"pid":2264,"hostname":"DESKTOP-HFFR74R","reqId":"req-84","req":{"method":"PUT","url":"/api/settings"},"msg":"incoming request"}
{"level":30,"time":1780407173057,"pid":2264,"hostname":"DESKTOP-HFFR74R","reqId":"req-84","res":{"statusCode":200},"responseTime":0.3491000011563301,"msg":"request completed"}
{"level":30,"time":1780407173061,"pid":2264,"hostname":"DESKTOP-HFFR74R","reqId":"req-85","req":{"method":"GET","url":"/api/settings"},"msg":"incoming request"}
{"level":30,"time":1780407173061,"pid":2264,"hostname":"DESKTOP-HFFR74R","reqId":"req-85","res":{"statusCode":200},"responseTime":0.47850000113248825,"msg":"request completed"}
{"level":30,"time":1780407173062,"pid":2264,"hostname":"DESKTOP-HFFR74R","reqId":"req-86","req":{"method":"GET","url":"/api/wallets/1/balance"},"msg":"incoming request"}
{"level":30,"time":1780407173062,"pid":2264,"hostname":"DESKTOP-HFFR74R","reqId":"req-86","res":{"statusCode":200},"responseTime":0.3002000004053116,"msg":"request completed"}
{"level":30,"time":1780407173105,"pid":2264,"hostname":"DESKTOP-HFFR74R","reqId":"req-87","req":{"method":"PUT","url":"/api/settings"},"msg":"incoming request"}
{"level":30,"time":1780407173105,"pid":2264,"hostname":"DESKTOP-HFFR74R","reqId":"req-87","res":{"statusCode":200},"responseTime":0.3399000018835068,"msg":"request completed"}
{"level":30,"time":1780407173109,"pid":2264,"hostname":"DESKTOP-HFFR74R","reqId":"req-88","req":{"method":"GET","url":"/api/settings"},"msg":"incoming request"}
{"level":30,"time":1780407173110,"pid":2264,"hostname":"DESKTOP-HFFR74R","reqId":"req-88","res":{"statusCode":200},"responseTime":0.24199999868869781,"msg":"request completed"}
{"level":30,"time":1780407173110,"pid":2264,"hostname":"DESKTOP-HFFR74R","reqId":"req-89","req":{"method":"GET","url":"/api/wallets/1/balance"},"msg":"incoming request"}
{"level":30,"time":1780407173110,"pid":2264,"hostname":"DESKTOP-HFFR74R","reqId":"req-89","res":{"statusCode":200},"responseTime":0.27889999747276306,"msg":"request completed"}
{"level":30,"time":1780407173165,"pid":2264,"hostname":"DESKTOP-HFFR74R","reqId":"req-8a","req":{"method":"PUT","url":"/api/settings"},"msg":"incoming request"}
{"level":30,"time":1780407173166,"pid":2264,"hostname":"DESKTOP-HFFR74R","reqId":"req-8a","res":{"statusCode":200},"responseTime":0.46060000360012054,"msg":"request completed"}
{"level":30,"time":1780407173169,"pid":2264,"hostname":"DESKTOP-HFFR74R","reqId":"req-8b","req":{"method":"GET","url":"/api/settings"},"msg":"incoming request"}
{"level":30,"time":1780407173170,"pid":2264,"hostname":"DESKTOP-HFFR74R","reqId":"req-8b","res":{"statusCode":200},"responseTime":0.24740000069141388,"msg":"request completed"}
{"level":30,"time":1780407173170,"pid":2264,"hostname":"DESKTOP-HFFR74R","reqId":"req-8c","req":{"method":"GET","url":"/api/wallets/1/balance"},"msg":"incoming request"}
{"level":30,"time":1780407173171,"pid":2264,"hostname":"DESKTOP-HFFR74R","reqId":"req-8c","res":{"statusCode":200},"responseTime":0.33709999918937683,"msg":"request completed"}
{"level":30,"time":1780407173378,"pid":2264,"hostname":"DESKTOP-HFFR74R","reqId":"req-8d","req":{"method":"PUT","url":"/api/settings"},"msg":"incoming request"}
{"level":30,"time":1780407173378,"pid":2264,"hostname":"DESKTOP-HFFR74R","reqId":"req-8d","res":{"statusCode":200},"responseTime":0.35769999772310257,"msg":"request completed"}
{"level":30,"time":1780407173382,"pid":2264,"hostname":"DESKTOP-HFFR74R","reqId":"req-8e","req":{"method":"GET","url":"/api/settings"},"msg":"incoming request"}
{"level":30,"time":1780407173383,"pid":2264,"hostname":"DESKTOP-HFFR74R","reqId":"req-8e","res":{"statusCode":200},"responseTime":0.250900000333786,"msg":"request completed"}
{"level":30,"time":1780407173383,"pid":2264,"hostname":"DESKTOP-HFFR74R","reqId":"req-8f","req":{"method":"GET","url":"/api/wallets/1/balance"},"msg":"incoming request"}
{"level":30,"time":1780407173383,"pid":2264,"hostname":"DESKTOP-HFFR74R","reqId":"req-8f","res":{"statusCode":200},"responseTime":0.22430000454187393,"msg":"request completed"}
{"level":30,"time":1780407173414,"pid":2264,"hostname":"DESKTOP-HFFR74R","reqId":"req-8g","req":{"method":"PUT","url":"/api/settings"},"msg":"incoming request"}
{"level":30,"time":1780407173414,"pid":2264,"hostname":"DESKTOP-HFFR74R","reqId":"req-8g","res":{"statusCode":200},"responseTime":0.3579999953508377,"msg":"request completed"}
{"level":30,"time":1780407173418,"pid":2264,"hostname":"DESKTOP-HFFR74R","reqId":"req-8h","req":{"method":"GET","url":"/api/settings"},"msg":"incoming request"}
{"level":30,"time":1780407173418,"pid":2264,"hostname":"DESKTOP-HFFR74R","reqId":"req-8h","res":{"statusCode":200},"responseTime":0.3505999967455864,"msg":"request completed"}
{"level":30,"time":1780407173418,"pid":2264,"hostname":"DESKTOP-HFFR74R","reqId":"req-8i","req":{"method":"GET","url":"/api/wallets/1/balance"},"msg":"incoming request"}
{"level":30,"time":1780407173419,"pid":2264,"hostname":"DESKTOP-HFFR74R","reqId":"req-8i","res":{"statusCode":200},"responseTime":0.26820000261068344,"msg":"request completed"}
{"level":30,"time":1780407173438,"pid":2264,"hostname":"DESKTOP-HFFR74R","reqId":"req-8j","req":{"method":"PUT","url":"/api/settings"},"msg":"incoming request"}
{"level":30,"time":1780407173438,"pid":2264,"hostname":"DESKTOP-HFFR74R","reqId":"req-8j","res":{"statusCode":200},"responseTime":0.37959999591112137,"msg":"request completed"}
{"level":30,"time":1780407173442,"pid":2264,"hostname":"DESKTOP-HFFR74R","reqId":"req-8k","req":{"method":"GET","url":"/api/settings"},"msg":"incoming request"}
{"level":30,"time":1780407173442,"pid":2264,"hostname":"DESKTOP-HFFR74R","reqId":"req-8k","res":{"statusCode":200},"responseTime":0.3329000025987625,"msg":"request completed"}
{"level":30,"time":1780407173443,"pid":2264,"hostname":"DESKTOP-HFFR74R","reqId":"req-8l","req":{"method":"GET","url":"/api/wallets/1/balance"},"msg":"incoming request"}
{"level":30,"time":1780407173443,"pid":2264,"hostname":"DESKTOP-HFFR74R","reqId":"req-8l","res":{"statusCode":200},"responseTime":0.28930000215768814,"msg":"request completed"}
{"level":30,"time":1780407173468,"pid":2264,"hostname":"DESKTOP-HFFR74R","reqId":"req-8m","req":{"method":"PUT","url":"/api/settings"},"msg":"incoming request"}
{"level":30,"time":1780407173468,"pid":2264,"hostname":"DESKTOP-HFFR74R","reqId":"req-8m","res":{"statusCode":200},"responseTime":0.43550000339746475,"msg":"request completed"}
{"level":30,"time":1780407173472,"pid":2264,"hostname":"DESKTOP-HFFR74R","reqId":"req-8n","req":{"method":"GET","url":"/api/settings"},"msg":"incoming request"}
{"level":30,"time":1780407173472,"pid":2264,"hostname":"DESKTOP-HFFR74R","reqId":"req-8n","res":{"statusCode":200},"responseTime":0.29339999705553055,"msg":"request completed"}
{"level":30,"time":1780407173473,"pid":2264,"hostname":"DESKTOP-HFFR74R","reqId":"req-8o","req":{"method":"GET","url":"/api/wallets/1/balance"},"msg":"incoming request"}
{"level":30,"time":1780407173473,"pid":2264,"hostname":"DESKTOP-HFFR74R","reqId":"req-8o","res":{"statusCode":200},"responseTime":0.4474000036716461,"msg":"request completed"}
{"level":30,"time":1780407173492,"pid":2264,"hostname":"DESKTOP-HFFR74R","reqId":"req-8p","req":{"method":"PUT","url":"/api/settings"},"msg":"incoming request"}
{"level":30,"time":1780407173493,"pid":2264,"hostname":"DESKTOP-HFFR74R","reqId":"req-8p","res":{"statusCode":200},"responseTime":0.42180000245571136,"msg":"request completed"}
{"level":30,"time":1780407173497,"pid":2264,"hostname":"DESKTOP-HFFR74R","reqId":"req-8q","req":{"method":"GET","url":"/api/settings"},"msg":"incoming request"}
{"level":30,"time":1780407173497,"pid":2264,"hostname":"DESKTOP-HFFR74R","reqId":"req-8q","res":{"statusCode":200},"responseTime":0.2751000002026558,"msg":"request completed"}
{"level":30,"time":1780407173497,"pid":2264,"hostname":"DESKTOP-HFFR74R","reqId":"req-8r","req":{"method":"GET","url":"/api/wallets/1/balance"},"msg":"incoming request"}
{"level":30,"time":1780407173498,"pid":2264,"hostname":"DESKTOP-HFFR74R","reqId":"req-8r","res":{"statusCode":200},"responseTime":0.25779999792575836,"msg":"request completed"}
{"level":30,"time":1780407173529,"pid":2264,"hostname":"DESKTOP-HFFR74R","reqId":"req-8s","req":{"method":"PUT","url":"/api/settings"},"msg":"incoming request"}
{"level":30,"time":1780407173529,"pid":2264,"hostname":"DESKTOP-HFFR74R","reqId":"req-8s","res":{"statusCode":200},"responseTime":0.4773999974131584,"msg":"request completed"}
{"level":30,"time":1780407173533,"pid":2264,"hostname":"DESKTOP-HFFR74R","reqId":"req-8t","req":{"method":"GET","url":"/api/settings"},"msg":"incoming request"}
{"level":30,"time":1780407173534,"pid":2264,"hostname":"DESKTOP-HFFR74R","reqId":"req-8t","res":{"statusCode":200},"responseTime":0.5719999969005585,"msg":"request completed"}
{"level":30,"time":1780407173535,"pid":2264,"hostname":"DESKTOP-HFFR74R","reqId":"req-8u","req":{"method":"GET","url":"/api/wallets/1/balance"},"msg":"incoming request"}
{"level":30,"time":1780407173535,"pid":2264,"hostname":"DESKTOP-HFFR74R","reqId":"req-8u","res":{"statusCode":200},"responseTime":0.34689999371767044,"msg":"request completed"}
{"level":30,"time":1780407173571,"pid":2264,"hostname":"DESKTOP-HFFR74R","reqId":"req-8v","req":{"method":"PUT","url":"/api/settings"},"msg":"incoming request"}
{"level":30,"time":1780407173572,"pid":2264,"hostname":"DESKTOP-HFFR74R","reqId":"req-8v","res":{"statusCode":200},"responseTime":0.43950000405311584,"msg":"request completed"}
{"level":30,"time":1780407173576,"pid":2264,"hostname":"DESKTOP-HFFR74R","reqId":"req-8w","req":{"method":"GET","url":"/api/settings"},"msg":"incoming request"}
{"level":30,"time":1780407173576,"pid":2264,"hostname":"DESKTOP-HFFR74R","reqId":"req-8w","res":{"statusCode":200},"responseTime":0.283100001513958,"msg":"request completed"}
{"level":30,"time":1780407173576,"pid":2264,"hostname":"DESKTOP-HFFR74R","reqId":"req-8x","req":{"method":"GET","url":"/api/wallets/1/balance"},"msg":"incoming request"}
{"level":30,"time":1780407173577,"pid":2264,"hostname":"DESKTOP-HFFR74R","reqId":"req-8x","res":{"statusCode":200},"responseTime":0.30300000309944153,"msg":"request completed"}
{"level":30,"time":1780407174147,"pid":2264,"hostname":"DESKTOP-HFFR74R","reqId":"req-8y","req":{"method":"PUT","url":"/api/settings"},"msg":"incoming request"}
{"level":30,"time":1780407174147,"pid":2264,"hostname":"DESKTOP-HFFR74R","reqId":"req-8y","res":{"statusCode":200},"responseTime":0.45090000331401825,"msg":"request completed"}
{"level":30,"time":1780407174151,"pid":2264,"hostname":"DESKTOP-HFFR74R","reqId":"req-8z","req":{"method":"GET","url":"/api/settings"},"msg":"incoming request"}
{"level":30,"time":1780407174152,"pid":2264,"hostname":"DESKTOP-HFFR74R","reqId":"req-8z","res":{"statusCode":200},"responseTime":0.27560000121593475,"msg":"request completed"}
{"level":30,"time":1780407174152,"pid":2264,"hostname":"DESKTOP-HFFR74R","reqId":"req-90","req":{"method":"GET","url":"/api/wallets/1/balance"},"msg":"incoming request"}
{"level":30,"time":1780407174153,"pid":2264,"hostname":"DESKTOP-HFFR74R","reqId":"req-90","res":{"statusCode":200},"responseTime":0.2590999975800514,"msg":"request completed"}
{"level":30,"time":1780407174171,"pid":2264,"hostname":"DESKTOP-HFFR74R","reqId":"req-91","req":{"method":"PUT","url":"/api/settings"},"msg":"incoming request"}
{"level":30,"time":1780407174171,"pid":2264,"hostname":"DESKTOP-HFFR74R","reqId":"req-91","res":{"statusCode":200},"responseTime":0.42320000380277634,"msg":"request completed"}
{"level":30,"time":1780407174175,"pid":2264,"hostname":"DESKTOP-HFFR74R","reqId":"req-92","req":{"method":"GET","url":"/api/settings"},"msg":"incoming request"}
{"level":30,"time":1780407174175,"pid":2264,"hostname":"DESKTOP-HFFR74R","reqId":"req-92","res":{"statusCode":200},"responseTime":0.28530000150203705,"msg":"request completed"}
{"level":30,"time":1780407174176,"pid":2264,"hostname":"DESKTOP-HFFR74R","reqId":"req-93","req":{"method":"GET","url":"/api/wallets/1/balance"},"msg":"incoming request"}
{"level":30,"time":1780407174176,"pid":2264,"hostname":"DESKTOP-HFFR74R","reqId":"req-93","res":{"statusCode":200},"responseTime":0.29659999907016754,"msg":"request completed"}
{"level":30,"time":1780407174201,"pid":2264,"hostname":"DESKTOP-HFFR74R","reqId":"req-94","req":{"method":"PUT","url":"/api/settings"},"msg":"incoming request"}
{"level":30,"time":1780407174202,"pid":2264,"hostname":"DESKTOP-HFFR74R","reqId":"req-94","res":{"statusCode":200},"responseTime":0.32979999482631683,"msg":"request completed"}
{"level":30,"time":1780407174205,"pid":2264,"hostname":"DESKTOP-HFFR74R","reqId":"req-95","req":{"method":"GET","url":"/api/settings"},"msg":"incoming request"}
{"level":30,"time":1780407174205,"pid":2264,"hostname":"DESKTOP-HFFR74R","reqId":"req-95","res":{"statusCode":200},"responseTime":0.3483999967575073,"msg":"request completed"}
{"level":30,"time":1780407174206,"pid":2264,"hostname":"DESKTOP-HFFR74R","reqId":"req-96","req":{"method":"GET","url":"/api/wallets/1/balance"},"msg":"incoming request"}
{"level":30,"time":1780407174206,"pid":2264,"hostname":"DESKTOP-HFFR74R","reqId":"req-96","res":{"statusCode":200},"responseTime":0.32199999690055847,"msg":"request completed"}
{"level":30,"time":1780407174225,"pid":2264,"hostname":"DESKTOP-HFFR74R","reqId":"req-97","req":{"method":"PUT","url":"/api/settings"},"msg":"incoming request"}
{"level":30,"time":1780407174226,"pid":2264,"hostname":"DESKTOP-HFFR74R","reqId":"req-97","res":{"statusCode":200},"responseTime":0.4473000019788742,"msg":"request completed"}
{"level":30,"time":1780407174229,"pid":2264,"hostname":"DESKTOP-HFFR74R","reqId":"req-98","req":{"method":"GET","url":"/api/settings"},"msg":"incoming request"}
{"level":30,"time":1780407174230,"pid":2264,"hostname":"DESKTOP-HFFR74R","reqId":"req-98","res":{"statusCode":200},"responseTime":0.2501000016927719,"msg":"request completed"}
{"level":30,"time":1780407174230,"pid":2264,"hostname":"DESKTOP-HFFR74R","reqId":"req-99","req":{"method":"GET","url":"/api/wallets/1/balance"},"msg":"incoming request"}
{"level":30,"time":1780407174231,"pid":2264,"hostname":"DESKTOP-HFFR74R","reqId":"req-99","res":{"statusCode":200},"responseTime":0.2997000068426132,"msg":"request completed"}
{"level":30,"time":1780407174250,"pid":2264,"hostname":"DESKTOP-HFFR74R","reqId":"req-9a","req":{"method":"PUT","url":"/api/settings"},"msg":"incoming request"}
{"level":30,"time":1780407174250,"pid":2264,"hostname":"DESKTOP-HFFR74R","reqId":"req-9a","res":{"statusCode":200},"responseTime":0.3596999943256378,"msg":"request completed"}
{"level":30,"time":1780407174255,"pid":2264,"hostname":"DESKTOP-HFFR74R","reqId":"req-9b","req":{"method":"GET","url":"/api/settings"},"msg":"incoming request"}
{"level":30,"time":1780407174255,"pid":2264,"hostname":"DESKTOP-HFFR74R","reqId":"req-9b","res":{"statusCode":200},"responseTime":0.2346000000834465,"msg":"request completed"}
{"level":30,"time":1780407174256,"pid":2264,"hostname":"DESKTOP-HFFR74R","reqId":"req-9c","req":{"method":"GET","url":"/api/wallets/1/balance"},"msg":"incoming request"}
{"level":30,"time":1780407174256,"pid":2264,"hostname":"DESKTOP-HFFR74R","reqId":"req-9c","res":{"statusCode":200},"responseTime":0.21540000289678574,"msg":"request completed"}
{"level":30,"time":1780407174280,"pid":2264,"hostname":"DESKTOP-HFFR74R","reqId":"req-9d","req":{"method":"PUT","url":"/api/settings"},"msg":"incoming request"}
{"level":30,"time":1780407174280,"pid":2264,"hostname":"DESKTOP-HFFR74R","reqId":"req-9d","res":{"statusCode":200},"responseTime":0.337799996137619,"msg":"request completed"}
{"level":30,"time":1780407174284,"pid":2264,"hostname":"DESKTOP-HFFR74R","reqId":"req-9e","req":{"method":"GET","url":"/api/settings"},"msg":"incoming request"}
{"level":30,"time":1780407174285,"pid":2264,"hostname":"DESKTOP-HFFR74R","reqId":"req-9e","res":{"statusCode":200},"responseTime":0.24780000001192093,"msg":"request completed"}
{"level":30,"time":1780407174285,"pid":2264,"hostname":"DESKTOP-HFFR74R","reqId":"req-9f","req":{"method":"GET","url":"/api/wallets/1/balance"},"msg":"incoming request"}
{"level":30,"time":1780407174285,"pid":2264,"hostname":"DESKTOP-HFFR74R","reqId":"req-9f","res":{"statusCode":200},"responseTime":0.2687999978661537,"msg":"request completed"}
{"level":30,"time":1780407174304,"pid":2264,"hostname":"DESKTOP-HFFR74R","reqId":"req-9g","req":{"method":"PUT","url":"/api/settings"},"msg":"incoming request"}
{"level":30,"time":1780407174305,"pid":2264,"hostname":"DESKTOP-HFFR74R","reqId":"req-9g","res":{"statusCode":200},"responseTime":0.32899999618530273,"msg":"request completed"}
{"level":30,"time":1780407174309,"pid":2264,"hostname":"DESKTOP-HFFR74R","reqId":"req-9h","req":{"method":"GET","url":"/api/settings"},"msg":"incoming request"}
{"level":30,"time":1780407174309,"pid":2264,"hostname":"DESKTOP-HFFR74R","reqId":"req-9h","res":{"statusCode":200},"responseTime":0.2912999987602234,"msg":"request completed"}
{"level":30,"time":1780407174309,"pid":2264,"hostname":"DESKTOP-HFFR74R","reqId":"req-9i","req":{"method":"GET","url":"/api/wallets/1/balance"},"msg":"incoming request"}
{"level":30,"time":1780407174310,"pid":2264,"hostname":"DESKTOP-HFFR74R","reqId":"req-9i","res":{"statusCode":200},"responseTime":0.3060000017285347,"msg":"request completed"}
{"level":30,"time":1780407174528,"pid":2264,"hostname":"DESKTOP-HFFR74R","reqId":"req-9j","req":{"method":"PUT","url":"/api/settings"},"msg":"incoming request"}
{"level":30,"time":1780407174529,"pid":2264,"hostname":"DESKTOP-HFFR74R","reqId":"req-9j","res":{"statusCode":200},"responseTime":0.37060000002384186,"msg":"request completed"}
{"level":30,"time":1780407174532,"pid":2264,"hostname":"DESKTOP-HFFR74R","reqId":"req-9k","req":{"method":"GET","url":"/api/settings"},"msg":"incoming request"}
{"level":30,"time":1780407174533,"pid":2264,"hostname":"DESKTOP-HFFR74R","reqId":"req-9k","res":{"statusCode":200},"responseTime":0.30480000376701355,"msg":"request completed"}
{"level":30,"time":1780407174533,"pid":2264,"hostname":"DESKTOP-HFFR74R","reqId":"req-9l","req":{"method":"GET","url":"/api/wallets/1/balance"},"msg":"incoming request"}
{"level":30,"time":1780407174534,"pid":2264,"hostname":"DESKTOP-HFFR74R","reqId":"req-9l","res":{"statusCode":200},"responseTime":0.310199998319149,"msg":"request completed"}
{"level":30,"time":1780407174553,"pid":2264,"hostname":"DESKTOP-HFFR74R","reqId":"req-9m","req":{"method":"PUT","url":"/api/settings"},"msg":"incoming request"}
{"level":30,"time":1780407174553,"pid":2264,"hostname":"DESKTOP-HFFR74R","reqId":"req-9m","res":{"statusCode":200},"responseTime":0.5388999953866005,"msg":"request completed"}
{"level":30,"time":1780407174557,"pid":2264,"hostname":"DESKTOP-HFFR74R","reqId":"req-9n","req":{"method":"GET","url":"/api/settings"},"msg":"incoming request"}
{"level":30,"time":1780407174557,"pid":2264,"hostname":"DESKTOP-HFFR74R","reqId":"req-9n","res":{"statusCode":200},"responseTime":0.23419999331235886,"msg":"request completed"}
{"level":30,"time":1780407174558,"pid":2264,"hostname":"DESKTOP-HFFR74R","reqId":"req-9o","req":{"method":"GET","url":"/api/wallets/1/balance"},"msg":"incoming request"}
{"level":30,"time":1780407174558,"pid":2264,"hostname":"DESKTOP-HFFR74R","reqId":"req-9o","res":{"statusCode":200},"responseTime":0.2451000064611435,"msg":"request completed"}
{"level":30,"time":1780407174564,"pid":2264,"hostname":"DESKTOP-HFFR74R","reqId":"req-9p","req":{"method":"PUT","url":"/api/settings"},"msg":"incoming request"}
{"level":30,"time":1780407174564,"pid":2264,"hostname":"DESKTOP-HFFR74R","reqId":"req-9p","res":{"statusCode":200},"responseTime":0.38019999861717224,"msg":"request completed"}
{"level":30,"time":1780407174569,"pid":2264,"hostname":"DESKTOP-HFFR74R","reqId":"req-9q","req":{"method":"GET","url":"/api/settings"},"msg":"incoming request"}
{"level":30,"time":1780407174569,"pid":2264,"hostname":"DESKTOP-HFFR74R","reqId":"req-9q","res":{"statusCode":200},"responseTime":0.28449999541044235,"msg":"request completed"}
{"level":30,"time":1780407174569,"pid":2264,"hostname":"DESKTOP-HFFR74R","reqId":"req-9r","req":{"method":"GET","url":"/api/wallets/1/balance"},"msg":"incoming request"}
{"level":30,"time":1780407174570,"pid":2264,"hostname":"DESKTOP-HFFR74R","reqId":"req-9r","res":{"statusCode":200},"responseTime":0.30470000207424164,"msg":"request completed"}
{"level":30,"time":1780407174583,"pid":2264,"hostname":"DESKTOP-HFFR74R","reqId":"req-9s","req":{"method":"PUT","url":"/api/settings"},"msg":"incoming request"}
{"level":30,"time":1780407174583,"pid":2264,"hostname":"DESKTOP-HFFR74R","reqId":"req-9s","res":{"statusCode":200},"responseTime":0.32670000195503235,"msg":"request completed"}
{"level":30,"time":1780407174587,"pid":2264,"hostname":"DESKTOP-HFFR74R","reqId":"req-9t","req":{"method":"GET","url":"/api/settings"},"msg":"incoming request"}
{"level":30,"time":1780407174588,"pid":2264,"hostname":"DESKTOP-HFFR74R","reqId":"req-9t","res":{"statusCode":200},"responseTime":0.2678999975323677,"msg":"request completed"}
{"level":30,"time":1780407174588,"pid":2264,"hostname":"DESKTOP-HFFR74R","reqId":"req-9u","req":{"method":"GET","url":"/api/wallets/1/balance"},"msg":"incoming request"}
{"level":30,"time":1780407174588,"pid":2264,"hostname":"DESKTOP-HFFR74R","reqId":"req-9u","res":{"statusCode":200},"responseTime":0.2628000006079674,"msg":"request completed"}
{"level":30,"time":1780407174595,"pid":2264,"hostname":"DESKTOP-HFFR74R","reqId":"req-9v","req":{"method":"PUT","url":"/api/settings"},"msg":"incoming request"}
{"level":30,"time":1780407174596,"pid":2264,"hostname":"DESKTOP-HFFR74R","reqId":"req-9v","res":{"statusCode":200},"responseTime":0.40880000591278076,"msg":"request completed"}
{"level":30,"time":1780407174600,"pid":2264,"hostname":"DESKTOP-HFFR74R","reqId":"req-9w","req":{"method":"GET","url":"/api/settings"},"msg":"incoming request"}
{"level":30,"time":1780407174600,"pid":2264,"hostname":"DESKTOP-HFFR74R","reqId":"req-9w","res":{"statusCode":200},"responseTime":0.24610000103712082,"msg":"request completed"}
{"level":30,"time":1780407174600,"pid":2264,"hostname":"DESKTOP-HFFR74R","reqId":"req-9x","req":{"method":"GET","url":"/api/wallets/1/balance"},"msg":"incoming request"}
{"level":30,"time":1780407174601,"pid":2264,"hostname":"DESKTOP-HFFR74R","reqId":"req-9x","res":{"statusCode":200},"responseTime":0.22360000014305115,"msg":"request completed"}
{"level":30,"time":1780407174613,"pid":2264,"hostname":"DESKTOP-HFFR74R","reqId":"req-9y","req":{"method":"PUT","url":"/api/settings"},"msg":"incoming request"}
{"level":30,"time":1780407174614,"pid":2264,"hostname":"DESKTOP-HFFR74R","reqId":"req-9y","res":{"statusCode":200},"responseTime":0.39329999685287476,"msg":"request completed"}
{"level":30,"time":1780407174617,"pid":2264,"hostname":"DESKTOP-HFFR74R","reqId":"req-9z","req":{"method":"GET","url":"/api/settings"},"msg":"incoming request"}
{"level":30,"time":1780407174617,"pid":2264,"hostname":"DESKTOP-HFFR74R","reqId":"req-9z","res":{"statusCode":200},"responseTime":0.26270000636577606,"msg":"request completed"}
{"level":30,"time":1780407174618,"pid":2264,"hostname":"DESKTOP-HFFR74R","reqId":"req-a0","req":{"method":"GET","url":"/api/wallets/1/balance"},"msg":"incoming request"}
{"level":30,"time":1780407174618,"pid":2264,"hostname":"DESKTOP-HFFR74R","reqId":"req-a0","res":{"statusCode":200},"responseTime":0.287200003862381,"msg":"request completed"}
{"level":30,"time":1780407174631,"pid":2264,"hostname":"DESKTOP-HFFR74R","reqId":"req-a1","req":{"method":"PUT","url":"/api/settings"},"msg":"incoming request"}
{"level":30,"time":1780407174632,"pid":2264,"hostname":"DESKTOP-HFFR74R","reqId":"req-a1","res":{"statusCode":200},"responseTime":0.4010999947786331,"msg":"request completed"}
{"level":30,"time":1780407174635,"pid":2264,"hostname":"DESKTOP-HFFR74R","reqId":"req-a2","req":{"method":"GET","url":"/api/settings"},"msg":"incoming request"}
{"level":30,"time":1780407174636,"pid":2264,"hostname":"DESKTOP-HFFR74R","reqId":"req-a2","res":{"statusCode":200},"responseTime":0.2621000036597252,"msg":"request completed"}
{"level":30,"time":1780407174636,"pid":2264,"hostname":"DESKTOP-HFFR74R","reqId":"req-a3","req":{"method":"GET","url":"/api/wallets/1/balance"},"msg":"incoming request"}
{"level":30,"time":1780407174637,"pid":2264,"hostname":"DESKTOP-HFFR74R","reqId":"req-a3","res":{"statusCode":200},"responseTime":0.341899998486042,"msg":"request completed"}
{"level":30,"time":1780407177278,"pid":2264,"hostname":"DESKTOP-HFFR74R","reqId":"req-a4","req":{"method":"PUT","url":"/api/settings"},"msg":"incoming request"}
{"level":30,"time":1780407177279,"pid":2264,"hostname":"DESKTOP-HFFR74R","reqId":"req-a4","res":{"statusCode":200},"responseTime":0.5296000018715858,"msg":"request completed"}
{"level":30,"time":1780407177283,"pid":2264,"hostname":"DESKTOP-HFFR74R","reqId":"req-a5","req":{"method":"GET","url":"/api/settings"},"msg":"incoming request"}
{"level":30,"time":1780407177283,"pid":2264,"hostname":"DESKTOP-HFFR74R","reqId":"req-a5","res":{"statusCode":200},"responseTime":0.24630000442266464,"msg":"request completed"}
{"level":30,"time":1780407177284,"pid":2264,"hostname":"DESKTOP-HFFR74R","reqId":"req-a6","req":{"method":"GET","url":"/api/wallets/1/balance"},"msg":"incoming request"}
{"level":30,"time":1780407177284,"pid":2264,"hostname":"DESKTOP-HFFR74R","reqId":"req-a6","res":{"statusCode":200},"responseTime":0.2630999982357025,"msg":"request completed"}
{"level":30,"time":1780407177321,"pid":2264,"hostname":"DESKTOP-HFFR74R","reqId":"req-a7","req":{"method":"PUT","url":"/api/settings"},"msg":"incoming request"}
{"level":30,"time":1780407177321,"pid":2264,"hostname":"DESKTOP-HFFR74R","reqId":"req-a7","res":{"statusCode":200},"responseTime":0.41990000009536743,"msg":"request completed"}
{"level":30,"time":1780407177325,"pid":2264,"hostname":"DESKTOP-HFFR74R","reqId":"req-a8","req":{"method":"GET","url":"/api/settings"},"msg":"incoming request"}
{"level":30,"time":1780407177325,"pid":2264,"hostname":"DESKTOP-HFFR74R","reqId":"req-a8","res":{"statusCode":200},"responseTime":0.3406999930739403,"msg":"request completed"}
{"level":30,"time":1780407177326,"pid":2264,"hostname":"DESKTOP-HFFR74R","reqId":"req-a9","req":{"method":"GET","url":"/api/wallets/1/balance"},"msg":"incoming request"}
{"level":30,"time":1780407177326,"pid":2264,"hostname":"DESKTOP-HFFR74R","reqId":"req-a9","res":{"statusCode":200},"responseTime":0.2539000064134598,"msg":"request completed"}
{"level":30,"time":1780407177376,"pid":2264,"hostname":"DESKTOP-HFFR74R","reqId":"req-aa","req":{"method":"PUT","url":"/api/settings"},"msg":"incoming request"}
{"level":30,"time":1780407177376,"pid":2264,"hostname":"DESKTOP-HFFR74R","reqId":"req-aa","res":{"statusCode":200},"responseTime":0.44269999861717224,"msg":"request completed"}
{"level":30,"time":1780407177380,"pid":2264,"hostname":"DESKTOP-HFFR74R","reqId":"req-ab","req":{"method":"GET","url":"/api/settings"},"msg":"incoming request"}
{"level":30,"time":1780407177380,"pid":2264,"hostname":"DESKTOP-HFFR74R","reqId":"req-ab","res":{"statusCode":200},"responseTime":0.2402999997138977,"msg":"request completed"}
{"level":30,"time":1780407177381,"pid":2264,"hostname":"DESKTOP-HFFR74R","reqId":"req-ac","req":{"method":"GET","url":"/api/wallets/1/balance"},"msg":"incoming request"}
{"level":30,"time":1780407177381,"pid":2264,"hostname":"DESKTOP-HFFR74R","reqId":"req-ac","res":{"statusCode":200},"responseTime":0.32270000129938126,"msg":"request completed"}
{"level":30,"time":1780407177418,"pid":2264,"hostname":"DESKTOP-HFFR74R","reqId":"req-ad","req":{"method":"PUT","url":"/api/settings"},"msg":"incoming request"}
{"level":30,"time":1780407177418,"pid":2264,"hostname":"DESKTOP-HFFR74R","reqId":"req-ad","res":{"statusCode":200},"responseTime":0.38529999554157257,"msg":"request completed"}
{"level":30,"time":1780407177422,"pid":2264,"hostname":"DESKTOP-HFFR74R","reqId":"req-ae","req":{"method":"GET","url":"/api/settings"},"msg":"incoming request"}
{"level":30,"time":1780407177423,"pid":2264,"hostname":"DESKTOP-HFFR74R","reqId":"req-ae","res":{"statusCode":200},"responseTime":0.24640000611543655,"msg":"request completed"}
{"level":30,"time":1780407177423,"pid":2264,"hostname":"DESKTOP-HFFR74R","reqId":"req-af","req":{"method":"GET","url":"/api/wallets/1/balance"},"msg":"incoming request"}
{"level":30,"time":1780407177423,"pid":2264,"hostname":"DESKTOP-HFFR74R","reqId":"req-af","res":{"statusCode":200},"responseTime":0.27300000190734863,"msg":"request completed"}
{"level":30,"time":1780407177448,"pid":2264,"hostname":"DESKTOP-HFFR74R","reqId":"req-ag","req":{"method":"PUT","url":"/api/settings"},"msg":"incoming request"}
{"level":30,"time":1780407177448,"pid":2264,"hostname":"DESKTOP-HFFR74R","reqId":"req-ag","res":{"statusCode":200},"responseTime":0.43300000578165054,"msg":"request completed"}
{"level":30,"time":1780407177452,"pid":2264,"hostname":"DESKTOP-HFFR74R","reqId":"req-ah","req":{"method":"GET","url":"/api/settings"},"msg":"incoming request"}
{"level":30,"time":1780407177453,"pid":2264,"hostname":"DESKTOP-HFFR74R","reqId":"req-ah","res":{"statusCode":200},"responseTime":0.33009999990463257,"msg":"request completed"}
{"level":30,"time":1780407177453,"pid":2264,"hostname":"DESKTOP-HFFR74R","reqId":"req-ai","req":{"method":"GET","url":"/api/wallets/1/balance"},"msg":"incoming request"}
{"level":30,"time":1780407177453,"pid":2264,"hostname":"DESKTOP-HFFR74R","reqId":"req-ai","res":{"statusCode":200},"responseTime":0.29980000108480453,"msg":"request completed"}
{"level":30,"time":1780407177472,"pid":2264,"hostname":"DESKTOP-HFFR74R","reqId":"req-aj","req":{"method":"PUT","url":"/api/settings"},"msg":"incoming request"}
{"level":30,"time":1780407177473,"pid":2264,"hostname":"DESKTOP-HFFR74R","reqId":"req-aj","res":{"statusCode":200},"responseTime":0.4934000000357628,"msg":"request completed"}
{"level":30,"time":1780407177477,"pid":2264,"hostname":"DESKTOP-HFFR74R","reqId":"req-ak","req":{"method":"GET","url":"/api/settings"},"msg":"incoming request"}
{"level":30,"time":1780407177477,"pid":2264,"hostname":"DESKTOP-HFFR74R","reqId":"req-ak","res":{"statusCode":200},"responseTime":0.3343999981880188,"msg":"request completed"}
{"level":30,"time":1780407177478,"pid":2264,"hostname":"DESKTOP-HFFR74R","reqId":"req-al","req":{"method":"GET","url":"/api/wallets/1/balance"},"msg":"incoming request"}
{"level":30,"time":1780407177478,"pid":2264,"hostname":"DESKTOP-HFFR74R","reqId":"req-al","res":{"statusCode":200},"responseTime":0.24220000207424164,"msg":"request completed"}
{"level":30,"time":1780407177497,"pid":2264,"hostname":"DESKTOP-HFFR74R","reqId":"req-am","req":{"method":"PUT","url":"/api/settings"},"msg":"incoming request"}
{"level":30,"time":1780407177497,"pid":2264,"hostname":"DESKTOP-HFFR74R","reqId":"req-am","res":{"statusCode":200},"responseTime":0.5321999937295914,"msg":"request completed"}
{"level":30,"time":1780407177501,"pid":2264,"hostname":"DESKTOP-HFFR74R","reqId":"req-an","req":{"method":"GET","url":"/api/settings"},"msg":"incoming request"}
{"level":30,"time":1780407177502,"pid":2264,"hostname":"DESKTOP-HFFR74R","reqId":"req-an","res":{"statusCode":200},"responseTime":0.24139999598264694,"msg":"request completed"}
{"level":30,"time":1780407177502,"pid":2264,"hostname":"DESKTOP-HFFR74R","reqId":"req-ao","req":{"method":"GET","url":"/api/wallets/1/balance"},"msg":"incoming request"}
{"level":30,"time":1780407177502,"pid":2264,"hostname":"DESKTOP-HFFR74R","reqId":"req-ao","res":{"statusCode":200},"responseTime":0.31620000302791595,"msg":"request completed"}
{"level":30,"time":1780407181985,"pid":2264,"hostname":"DESKTOP-HFFR74R","reqId":"req-ap","req":{"method":"GET","url":"/api/wallets/1/balance"},"msg":"incoming request"}
{"level":30,"time":1780407181985,"pid":2264,"hostname":"DESKTOP-HFFR74R","reqId":"req-ap","res":{"statusCode":200},"responseTime":0.3171999976038933,"msg":"request completed"}
{"level":30,"time":1780407192444,"pid":2264,"hostname":"DESKTOP-HFFR74R","reqId":"req-aq","req":{"method":"GET","url":"/api/fees"},"msg":"incoming request"}
{"level":30,"time":1780407192520,"pid":2264,"hostname":"DESKTOP-HFFR74R","reqId":"req-ar","req":{"method":"GET","url":"/api/wallets/1/balance"},"msg":"incoming request"}
{"level":30,"time":1780407192520,"pid":2264,"hostname":"DESKTOP-HFFR74R","reqId":"req-ar","res":{"statusCode":200},"responseTime":0.31520000100135803,"msg":"request completed"}
{"level":30,"time":1780407192591,"pid":2264,"hostname":"DESKTOP-HFFR74R","reqId":"req-aq","res":{"statusCode":200},"responseTime":147.68090000003576,"msg":"request completed"}
{"level":30,"time":1780407196999,"pid":2264,"hostname":"DESKTOP-HFFR74R","reqId":"req-as","req":{"method":"GET","url":"/api/wallets/1/balance"},"msg":"incoming request"}
{"level":30,"time":1780407196999,"pid":2264,"hostname":"DESKTOP-HFFR74R","reqId":"req-as","res":{"statusCode":200},"responseTime":0.2915000021457672,"msg":"request completed"}
{"level":30,"time":1780407207527,"pid":2264,"hostname":"DESKTOP-HFFR74R","reqId":"req-at","req":{"method":"GET","url":"/api/wallets/1/balance"},"msg":"incoming request"}
{"level":30,"time":1780407207528,"pid":2264,"hostname":"DESKTOP-HFFR74R","reqId":"req-at","res":{"statusCode":200},"responseTime":0.2685999944806099,"msg":"request completed"}
{"level":30,"time":1780407211974,"pid":2264,"hostname":"DESKTOP-HFFR74R","reqId":"req-au","req":{"method":"GET","url":"/api/fees"},"msg":"incoming request"}
{"level":30,"time":1780407211974,"pid":2264,"hostname":"DESKTOP-HFFR74R","reqId":"req-au","res":{"statusCode":200},"responseTime":0.16009999811649323,"msg":"request completed"}
{"level":30,"time":1780407212015,"pid":2264,"hostname":"DESKTOP-HFFR74R","reqId":"req-av","req":{"method":"GET","url":"/api/wallets/1/balance"},"msg":"incoming request"}
{"level":30,"time":1780407212015,"pid":2264,"hostname":"DESKTOP-HFFR74R","reqId":"req-av","res":{"statusCode":200},"responseTime":0.26819999516010284,"msg":"request completed"}
{"level":30,"time":1780407222535,"pid":2264,"hostname":"DESKTOP-HFFR74R","reqId":"req-aw","req":{"method":"GET","url":"/api/wallets/1/balance"},"msg":"incoming request"}
{"level":30,"time":1780407222535,"pid":2264,"hostname":"DESKTOP-HFFR74R","reqId":"req-aw","res":{"statusCode":200},"responseTime":0.3132999986410141,"msg":"request completed"}
{"level":30,"time":1780407227034,"pid":2264,"hostname":"DESKTOP-HFFR74R","reqId":"req-ax","req":{"method":"GET","url":"/api/wallets/1/balance"},"msg":"incoming request"}
{"level":30,"time":1780407227034,"pid":2264,"hostname":"DESKTOP-HFFR74R","reqId":"req-ax","res":{"statusCode":200},"responseTime":0.30079999566078186,"msg":"request completed"}
{"level":30,"time":1780407237543,"pid":2264,"hostname":"DESKTOP-HFFR74R","reqId":"req-ay","req":{"method":"GET","url":"/api/wallets/1/balance"},"msg":"incoming request"}
{"level":30,"time":1780407237544,"pid":2264,"hostname":"DESKTOP-HFFR74R","reqId":"req-ay","res":{"statusCode":200},"responseTime":0.2735000029206276,"msg":"request completed"}
{"level":30,"time":1780407242042,"pid":2264,"hostname":"DESKTOP-HFFR74R","reqId":"req-az","req":{"method":"GET","url":"/api/wallets/1/balance"},"msg":"incoming request"}
{"level":30,"time":1780407242042,"pid":2264,"hostname":"DESKTOP-HFFR74R","reqId":"req-az","res":{"statusCode":200},"responseTime":0.271699994802475,"msg":"request completed"}
{"level":30,"time":1780407252547,"pid":2264,"hostname":"DESKTOP-HFFR74R","reqId":"req-b0","req":{"method":"GET","url":"/api/wallets/1/balance"},"msg":"incoming request"}
{"level":30,"time":1780407252548,"pid":2264,"hostname":"DESKTOP-HFFR74R","reqId":"req-b0","res":{"statusCode":200},"responseTime":0.310199998319149,"msg":"request completed"}
{"level":30,"time":1780407252609,"pid":2264,"hostname":"DESKTOP-HFFR74R","reqId":"req-b1","req":{"method":"GET","url":"/api/fees"},"msg":"incoming request"}
{"level":30,"time":1780407252714,"pid":2264,"hostname":"DESKTOP-HFFR74R","reqId":"req-b1","res":{"statusCode":200},"responseTime":104.91279999911785,"msg":"request completed"}
{"level":30,"time":1780407257055,"pid":2264,"hostname":"DESKTOP-HFFR74R","reqId":"req-b2","req":{"method":"GET","url":"/api/wallets/1/balance"},"msg":"incoming request"}
{"level":30,"time":1780407257055,"pid":2264,"hostname":"DESKTOP-HFFR74R","reqId":"req-b2","res":{"statusCode":200},"responseTime":0.2944999933242798,"msg":"request completed"}
{"level":30,"time":1780407267556,"pid":2264,"hostname":"DESKTOP-HFFR74R","reqId":"req-b3","req":{"method":"GET","url":"/api/wallets/1/balance"},"msg":"incoming request"}
{"level":30,"time":1780407267556,"pid":2264,"hostname":"DESKTOP-HFFR74R","reqId":"req-b3","res":{"statusCode":200},"responseTime":0.28040000051259995,"msg":"request completed"}
{"level":30,"time":1780407271990,"pid":2264,"hostname":"DESKTOP-HFFR74R","reqId":"req-b4","req":{"method":"GET","url":"/api/fees"},"msg":"incoming request"}
{"level":30,"time":1780407271990,"pid":2264,"hostname":"DESKTOP-HFFR74R","reqId":"req-b4","res":{"statusCode":200},"responseTime":0.24619999527931213,"msg":"request completed"}
{"level":30,"time":1780407272060,"pid":2264,"hostname":"DESKTOP-HFFR74R","reqId":"req-b5","req":{"method":"GET","url":"/api/wallets/1/balance"},"msg":"incoming request"}
{"level":30,"time":1780407272060,"pid":2264,"hostname":"DESKTOP-HFFR74R","reqId":"req-b5","res":{"statusCode":200},"responseTime":0.2954999953508377,"msg":"request completed"}
{"level":30,"time":1780407282570,"pid":2264,"hostname":"DESKTOP-HFFR74R","reqId":"req-b6","req":{"method":"GET","url":"/api/wallets/1/balance"},"msg":"incoming request"}
{"level":30,"time":1780407282570,"pid":2264,"hostname":"DESKTOP-HFFR74R","reqId":"req-b6","res":{"statusCode":200},"responseTime":0.281700000166893,"msg":"request completed"}
{"level":30,"time":1780407287078,"pid":2264,"hostname":"DESKTOP-HFFR74R","reqId":"req-b7","req":{"method":"GET","url":"/api/wallets/1/balance"},"msg":"incoming request"}
{"level":30,"time":1780407287078,"pid":2264,"hostname":"DESKTOP-HFFR74R","reqId":"req-b7","res":{"statusCode":200},"responseTime":0.29020000249147415,"msg":"request completed"}
{"level":30,"time":1780407297577,"pid":2264,"hostname":"DESKTOP-HFFR74R","reqId":"req-b8","req":{"method":"GET","url":"/api/wallets/1/balance"},"msg":"incoming request"}
{"level":30,"time":1780407297578,"pid":2264,"hostname":"DESKTOP-HFFR74R","reqId":"req-b8","res":{"statusCode":200},"responseTime":0.3067000061273575,"msg":"request completed"}
{"level":30,"time":1780407302089,"pid":2264,"hostname":"DESKTOP-HFFR74R","reqId":"req-b9","req":{"method":"GET","url":"/api/wallets/1/balance"},"msg":"incoming request"}
{"level":30,"time":1780407302089,"pid":2264,"hostname":"DESKTOP-HFFR74R","reqId":"req-b9","res":{"statusCode":200},"responseTime":0.3552999943494797,"msg":"request completed"}
{"level":30,"time":1780407312590,"pid":2264,"hostname":"DESKTOP-HFFR74R","reqId":"req-ba","req":{"method":"GET","url":"/api/wallets/1/balance"},"msg":"incoming request"}
{"level":30,"time":1780407312590,"pid":2264,"hostname":"DESKTOP-HFFR74R","reqId":"req-ba","res":{"statusCode":200},"responseTime":0.30250000208616257,"msg":"request completed"}
{"level":30,"time":1780407312729,"pid":2264,"hostname":"DESKTOP-HFFR74R","reqId":"req-bb","req":{"method":"GET","url":"/api/fees"},"msg":"incoming request"}
{"level":30,"time":1780407312834,"pid":2264,"hostname":"DESKTOP-HFFR74R","reqId":"req-bb","res":{"statusCode":200},"responseTime":104.73600000143051,"msg":"request completed"}
{"level":30,"time":1780407317094,"pid":2264,"hostname":"DESKTOP-HFFR74R","reqId":"req-bc","req":{"method":"GET","url":"/api/wallets/1/balance"},"msg":"incoming request"}
{"level":30,"time":1780407317094,"pid":2264,"hostname":"DESKTOP-HFFR74R","reqId":"req-bc","res":{"statusCode":200},"responseTime":0.41919999569654465,"msg":"request completed"}
{"level":30,"time":1780407325239,"pid":2264,"hostname":"DESKTOP-HFFR74R","reqId":"req-bd","req":{"method":"GET","url":"/api/fees"},"msg":"incoming request"}
{"level":30,"time":1780407325239,"pid":2264,"hostname":"DESKTOP-HFFR74R","reqId":"req-bd","res":{"statusCode":200},"responseTime":0.310699999332428,"msg":"request completed"}
{"level":30,"time":1780407325239,"pid":2264,"hostname":"DESKTOP-HFFR74R","reqId":"req-be","req":{"method":"GET","url":"/api/settings"},"msg":"incoming request"}
{"level":30,"time":1780407325240,"pid":2264,"hostname":"DESKTOP-HFFR74R","reqId":"req-be","res":{"statusCode":200},"responseTime":0.29029999673366547,"msg":"request completed"}
{"level":30,"time":1780407325243,"pid":2264,"hostname":"DESKTOP-HFFR74R","reqId":"req-bf","req":{"method":"GET","url":"/api/wallets/1"},"msg":"incoming request"}
{"level":30,"time":1780407325244,"pid":2264,"hostname":"DESKTOP-HFFR74R","reqId":"req-bf","res":{"statusCode":200},"responseTime":0.6381999999284744,"msg":"request completed"}
{"level":30,"time":1780407325244,"pid":2264,"hostname":"DESKTOP-HFFR74R","reqId":"req-bg","req":{"method":"GET","url":"/api/wallets/1/balance"},"msg":"incoming request"}
{"level":30,"time":1780407325245,"pid":2264,"hostname":"DESKTOP-HFFR74R","reqId":"req-bg","res":{"statusCode":200},"responseTime":0.5454000011086464,"msg":"request completed"}
{"level":30,"time":1780407325245,"pid":2264,"hostname":"DESKTOP-HFFR74R","reqId":"req-bh","req":{"method":"GET","url":"/api/wallets/1/sync/status"},"msg":"incoming request"}
{"level":30,"time":1780407325246,"pid":2264,"hostname":"DESKTOP-HFFR74R","reqId":"req-bh","res":{"statusCode":200},"responseTime":0.39799999445676804,"msg":"request completed"}
{"level":30,"time":1780407325246,"pid":2264,"hostname":"DESKTOP-HFFR74R","reqId":"req-bi","req":{"method":"GET","url":"/api/wallets"},"msg":"incoming request"}
{"level":30,"time":1780407325246,"pid":2264,"hostname":"DESKTOP-HFFR74R","reqId":"req-bi","res":{"statusCode":200},"responseTime":0.3935000002384186,"msg":"request completed"}
{"level":30,"time":1780407327599,"pid":2264,"hostname":"DESKTOP-HFFR74R","reqId":"req-bj","req":{"method":"GET","url":"/api/wallets/1/balance"},"msg":"incoming request"}
{"level":30,"time":1780407327600,"pid":2264,"hostname":"DESKTOP-HFFR74R","reqId":"req-bj","res":{"statusCode":200},"responseTime":0.28279999643564224,"msg":"request completed"}
{"level":30,"time":1780407340263,"pid":2264,"hostname":"DESKTOP-HFFR74R","reqId":"req-bk","req":{"method":"GET","url":"/api/wallets/1/balance"},"msg":"incoming request"}
{"level":30,"time":1780407340263,"pid":2264,"hostname":"DESKTOP-HFFR74R","reqId":"req-bk","res":{"statusCode":200},"responseTime":0.29029999673366547,"msg":"request completed"}
{"level":30,"time":1780407342607,"pid":2264,"hostname":"DESKTOP-HFFR74R","reqId":"req-bl","req":{"method":"GET","url":"/api/wallets/1/balance"},"msg":"incoming request"}
{"level":30,"time":1780407342607,"pid":2264,"hostname":"DESKTOP-HFFR74R","reqId":"req-bl","res":{"statusCode":200},"responseTime":0.30250000208616257,"msg":"request completed"}
{"level":30,"time":1780407355272,"pid":2264,"hostname":"DESKTOP-HFFR74R","reqId":"req-bm","req":{"method":"GET","url":"/api/wallets/1/balance"},"msg":"incoming request"}
{"level":30,"time":1780407355272,"pid":2264,"hostname":"DESKTOP-HFFR74R","reqId":"req-bm","res":{"statusCode":200},"responseTime":0.26900000125169754,"msg":"request completed"}
{"level":30,"time":1780407357621,"pid":2264,"hostname":"DESKTOP-HFFR74R","reqId":"req-bn","req":{"method":"GET","url":"/api/wallets/1/balance"},"msg":"incoming request"}
{"level":30,"time":1780407357621,"pid":2264,"hostname":"DESKTOP-HFFR74R","reqId":"req-bn","res":{"statusCode":200},"responseTime":0.2700999975204468,"msg":"request completed"}
{"level":30,"time":1780407367884,"pid":2264,"hostname":"DESKTOP-HFFR74R","reqId":"req-bo","req":{"method":"GET","url":"/api/wallets/2"},"msg":"incoming request"}
{"level":30,"time":1780407367884,"pid":2264,"hostname":"DESKTOP-HFFR74R","reqId":"req-bo","res":{"statusCode":200},"responseTime":0.595100000500679,"msg":"request completed"}
{"level":30,"time":1780407367887,"pid":2264,"hostname":"DESKTOP-HFFR74R","reqId":"req-bp","req":{"method":"GET","url":"/api/wallets/2/balance"},"msg":"incoming request"}
{"level":30,"time":1780407367888,"pid":2264,"hostname":"DESKTOP-HFFR74R","reqId":"req-bp","res":{"statusCode":200},"responseTime":0.6200000047683716,"msg":"request completed"}
{"level":30,"time":1780407367888,"pid":2264,"hostname":"DESKTOP-HFFR74R","reqId":"req-bq","req":{"method":"GET","url":"/api/wallets/2/sync/status"},"msg":"incoming request"}
{"level":30,"time":1780407367888,"pid":2264,"hostname":"DESKTOP-HFFR74R","reqId":"req-bq","res":{"statusCode":200},"responseTime":0.39389999955892563,"msg":"request completed"}
{"level":30,"time":1780407370277,"pid":2264,"hostname":"DESKTOP-HFFR74R","reqId":"req-br","req":{"method":"GET","url":"/api/wallets/1/balance"},"msg":"incoming request"}
{"level":30,"time":1780407370277,"pid":2264,"hostname":"DESKTOP-HFFR74R","reqId":"req-br","res":{"statusCode":200},"responseTime":0.30240000039339066,"msg":"request completed"}
{"level":30,"time":1780407370411,"pid":2264,"hostname":"DESKTOP-HFFR74R","reqId":"req-bs","req":{"method":"GET","url":"/api/wallets/1"},"msg":"incoming request"}
{"level":30,"time":1780407370412,"pid":2264,"hostname":"DESKTOP-HFFR74R","reqId":"req-bs","res":{"statusCode":200},"responseTime":0.8815999999642372,"msg":"request completed"}
{"level":30,"time":1780407370414,"pid":2264,"hostname":"DESKTOP-HFFR74R","reqId":"req-bt","req":{"method":"GET","url":"/api/wallets/1/sync/status"},"msg":"incoming request"}
{"level":30,"time":1780407370414,"pid":2264,"hostname":"DESKTOP-HFFR74R","reqId":"req-bt","res":{"statusCode":200},"responseTime":0.3181999996304512,"msg":"request completed"}
{"level":30,"time":1780407372852,"pid":2264,"hostname":"DESKTOP-HFFR74R","reqId":"req-bu","req":{"method":"GET","url":"/api/fees"},"msg":"incoming request"}
{"level":30,"time":1780407372966,"pid":2264,"hostname":"DESKTOP-HFFR74R","reqId":"req-bu","res":{"statusCode":200},"responseTime":114.35579999536276,"msg":"request completed"}
{"level":30,"time":1780407377099,"pid":2264,"hostname":"DESKTOP-HFFR74R","reqId":"req-bv","req":{"method":"PUT","url":"/api/settings"},"msg":"incoming request"}
{"level":30,"time":1780407377099,"pid":2264,"hostname":"DESKTOP-HFFR74R","reqId":"req-bv","res":{"statusCode":200},"responseTime":0.4215000048279762,"msg":"request completed"}
{"level":30,"time":1780407377103,"pid":2264,"hostname":"DESKTOP-HFFR74R","reqId":"req-bw","req":{"method":"GET","url":"/api/settings"},"msg":"incoming request"}
{"level":30,"time":1780407377103,"pid":2264,"hostname":"DESKTOP-HFFR74R","reqId":"req-bw","res":{"statusCode":200},"responseTime":0.24310000240802765,"msg":"request completed"}
{"level":30,"time":1780407377103,"pid":2264,"hostname":"DESKTOP-HFFR74R","reqId":"req-bx","req":{"method":"GET","url":"/api/wallets/1/balance"},"msg":"incoming request"}
{"level":30,"time":1780407377103,"pid":2264,"hostname":"DESKTOP-HFFR74R","reqId":"req-bx","res":{"statusCode":200},"responseTime":0.20970000326633453,"msg":"request completed"}
{"level":30,"time":1780407377710,"pid":2264,"hostname":"DESKTOP-HFFR74R","reqId":"req-by","req":{"method":"PUT","url":"/api/settings"},"msg":"incoming request"}
{"level":30,"time":1780407377711,"pid":2264,"hostname":"DESKTOP-HFFR74R","reqId":"req-by","res":{"statusCode":200},"responseTime":0.3253000006079674,"msg":"request completed"}
{"level":30,"time":1780407377714,"pid":2264,"hostname":"DESKTOP-HFFR74R","reqId":"req-bz","req":{"method":"GET","url":"/api/settings"},"msg":"incoming request"}
{"level":30,"time":1780407377715,"pid":2264,"hostname":"DESKTOP-HFFR74R","reqId":"req-bz","res":{"statusCode":200},"responseTime":0.27070000022649765,"msg":"request completed"}
{"level":30,"time":1780407377715,"pid":2264,"hostname":"DESKTOP-HFFR74R","reqId":"req-c0","req":{"method":"GET","url":"/api/wallets/1/balance"},"msg":"incoming request"}
{"level":30,"time":1780407377715,"pid":2264,"hostname":"DESKTOP-HFFR74R","reqId":"req-c0","res":{"statusCode":200},"responseTime":0.21229999512434006,"msg":"request completed"}
{"level":30,"time":1780407378219,"pid":2264,"hostname":"DESKTOP-HFFR74R","reqId":"req-c1","req":{"method":"PUT","url":"/api/settings"},"msg":"incoming request"}
{"level":30,"time":1780407378219,"pid":2264,"hostname":"DESKTOP-HFFR74R","reqId":"req-c1","res":{"statusCode":200},"responseTime":0.41110000014305115,"msg":"request completed"}
{"level":30,"time":1780407378223,"pid":2264,"hostname":"DESKTOP-HFFR74R","reqId":"req-c2","req":{"method":"GET","url":"/api/settings"},"msg":"incoming request"}
{"level":30,"time":1780407378223,"pid":2264,"hostname":"DESKTOP-HFFR74R","reqId":"req-c2","res":{"statusCode":200},"responseTime":0.2435000017285347,"msg":"request completed"}
{"level":30,"time":1780407378223,"pid":2264,"hostname":"DESKTOP-HFFR74R","reqId":"req-c3","req":{"method":"GET","url":"/api/wallets/1/balance"},"msg":"incoming request"}
{"level":30,"time":1780407378224,"pid":2264,"hostname":"DESKTOP-HFFR74R","reqId":"req-c3","res":{"statusCode":200},"responseTime":0.27709999680519104,"msg":"request completed"}
{"level":30,"time":1780407379576,"pid":2264,"hostname":"DESKTOP-HFFR74R","reqId":"req-c4","req":{"method":"PUT","url":"/api/settings"},"msg":"incoming request"}
{"level":30,"time":1780407379576,"pid":2264,"hostname":"DESKTOP-HFFR74R","reqId":"req-c4","res":{"statusCode":200},"responseTime":0.4099999964237213,"msg":"request completed"}
{"level":30,"time":1780407379580,"pid":2264,"hostname":"DESKTOP-HFFR74R","reqId":"req-c5","req":{"method":"GET","url":"/api/settings"},"msg":"incoming request"}
{"level":30,"time":1780407379581,"pid":2264,"hostname":"DESKTOP-HFFR74R","reqId":"req-c5","res":{"statusCode":200},"responseTime":0.4446000009775162,"msg":"request completed"}
{"level":30,"time":1780407379581,"pid":2264,"hostname":"DESKTOP-HFFR74R","reqId":"req-c6","req":{"method":"GET","url":"/api/wallets/1/balance"},"msg":"incoming request"}
{"level":30,"time":1780407379581,"pid":2264,"hostname":"DESKTOP-HFFR74R","reqId":"req-c6","res":{"statusCode":200},"responseTime":0.23669999837875366,"msg":"request completed"}
{"level":30,"time":1780407380515,"pid":2264,"hostname":"DESKTOP-HFFR74R","reqId":"req-c7","req":{"method":"PUT","url":"/api/settings"},"msg":"incoming request"}
{"level":30,"time":1780407380515,"pid":2264,"hostname":"DESKTOP-HFFR74R","reqId":"req-c7","res":{"statusCode":200},"responseTime":0.4618000015616417,"msg":"request completed"}
{"level":30,"time":1780407380519,"pid":2264,"hostname":"DESKTOP-HFFR74R","reqId":"req-c8","req":{"method":"GET","url":"/api/settings"},"msg":"incoming request"}
{"level":30,"time":1780407380519,"pid":2264,"hostname":"DESKTOP-HFFR74R","reqId":"req-c8","res":{"statusCode":200},"responseTime":0.25280000269412994,"msg":"request completed"}
{"level":30,"time":1780407380519,"pid":2264,"hostname":"DESKTOP-HFFR74R","reqId":"req-c9","req":{"method":"GET","url":"/api/wallets/1/balance"},"msg":"incoming request"}
{"level":30,"time":1780407380519,"pid":2264,"hostname":"DESKTOP-HFFR74R","reqId":"req-c9","res":{"statusCode":200},"responseTime":0.26600000262260437,"msg":"request completed"}
{"level":30,"time":1780407380921,"pid":2264,"hostname":"DESKTOP-HFFR74R","reqId":"req-ca","req":{"method":"PUT","url":"/api/settings"},"msg":"incoming request"}
{"level":30,"time":1780407380922,"pid":2264,"hostname":"DESKTOP-HFFR74R","reqId":"req-ca","res":{"statusCode":200},"responseTime":0.3971000015735626,"msg":"request completed"}
{"level":30,"time":1780407380925,"pid":2264,"hostname":"DESKTOP-HFFR74R","reqId":"req-cb","req":{"method":"GET","url":"/api/settings"},"msg":"incoming request"}
{"level":30,"time":1780407380926,"pid":2264,"hostname":"DESKTOP-HFFR74R","reqId":"req-cb","res":{"statusCode":200},"responseTime":0.24210000038146973,"msg":"request completed"}
{"level":30,"time":1780407380926,"pid":2264,"hostname":"DESKTOP-HFFR74R","reqId":"req-cc","req":{"method":"GET","url":"/api/wallets/1/balance"},"msg":"incoming request"}
{"level":30,"time":1780407380926,"pid":2264,"hostname":"DESKTOP-HFFR74R","reqId":"req-cc","res":{"statusCode":200},"responseTime":0.27710000425577164,"msg":"request completed"}
{"level":30,"time":1780407381641,"pid":2264,"hostname":"DESKTOP-HFFR74R","reqId":"req-cd","req":{"method":"PUT","url":"/api/settings"},"msg":"incoming request"}
{"level":30,"time":1780407381642,"pid":2264,"hostname":"DESKTOP-HFFR74R","reqId":"req-cd","res":{"statusCode":200},"responseTime":0.436599999666214,"msg":"request completed"}
{"level":30,"time":1780407381645,"pid":2264,"hostname":"DESKTOP-HFFR74R","reqId":"req-ce","req":{"method":"GET","url":"/api/settings"},"msg":"incoming request"}
{"level":30,"time":1780407381645,"pid":2264,"hostname":"DESKTOP-HFFR74R","reqId":"req-ce","res":{"statusCode":200},"responseTime":0.27880000323057175,"msg":"request completed"}
{"level":30,"time":1780407381646,"pid":2264,"hostname":"DESKTOP-HFFR74R","reqId":"req-cf","req":{"method":"GET","url":"/api/wallets/1/balance"},"msg":"incoming request"}
{"level":30,"time":1780407381646,"pid":2264,"hostname":"DESKTOP-HFFR74R","reqId":"req-cf","res":{"statusCode":200},"responseTime":0.29420000314712524,"msg":"request completed"}
{"level":30,"time":1780407382423,"pid":2264,"hostname":"DESKTOP-HFFR74R","reqId":"req-cg","req":{"method":"PUT","url":"/api/settings"},"msg":"incoming request"}
{"level":30,"time":1780407382423,"pid":2264,"hostname":"DESKTOP-HFFR74R","reqId":"req-cg","res":{"statusCode":200},"responseTime":0.4416999965906143,"msg":"request completed"}
{"level":30,"time":1780407382427,"pid":2264,"hostname":"DESKTOP-HFFR74R","reqId":"req-ch","req":{"method":"GET","url":"/api/settings"},"msg":"incoming request"}
{"level":30,"time":1780407382428,"pid":2264,"hostname":"DESKTOP-HFFR74R","reqId":"req-ch","res":{"statusCode":200},"responseTime":0.2500999942421913,"msg":"request completed"}
{"level":30,"time":1780407382428,"pid":2264,"hostname":"DESKTOP-HFFR74R","reqId":"req-ci","req":{"method":"GET","url":"/api/wallets/1/balance"},"msg":"incoming request"}
{"level":30,"time":1780407382428,"pid":2264,"hostname":"DESKTOP-HFFR74R","reqId":"req-ci","res":{"statusCode":200},"responseTime":0.27709999680519104,"msg":"request completed"}
{"level":30,"time":1780407382768,"pid":2264,"hostname":"DESKTOP-HFFR74R","reqId":"req-cj","req":{"method":"PUT","url":"/api/settings"},"msg":"incoming request"}
{"level":30,"time":1780407382769,"pid":2264,"hostname":"DESKTOP-HFFR74R","reqId":"req-cj","res":{"statusCode":200},"responseTime":0.3919000029563904,"msg":"request completed"}
{"level":30,"time":1780407382772,"pid":2264,"hostname":"DESKTOP-HFFR74R","reqId":"req-ck","req":{"method":"GET","url":"/api/settings"},"msg":"incoming request"}
{"level":30,"time":1780407382772,"pid":2264,"hostname":"DESKTOP-HFFR74R","reqId":"req-ck","res":{"statusCode":200},"responseTime":0.2232000008225441,"msg":"request completed"}
{"level":30,"time":1780407382773,"pid":2264,"hostname":"DESKTOP-HFFR74R","reqId":"req-cl","req":{"method":"GET","url":"/api/wallets/1/balance"},"msg":"incoming request"}
{"level":30,"time":1780407382773,"pid":2264,"hostname":"DESKTOP-HFFR74R","reqId":"req-cl","res":{"statusCode":200},"responseTime":0.22460000216960907,"msg":"request completed"}
{"level":30,"time":1780407383265,"pid":2264,"hostname":"DESKTOP-HFFR74R","reqId":"req-cm","req":{"method":"PUT","url":"/api/settings"},"msg":"incoming request"}
{"level":30,"time":1780407383265,"pid":2264,"hostname":"DESKTOP-HFFR74R","reqId":"req-cm","res":{"statusCode":200},"responseTime":0.3369000032544136,"msg":"request completed"}
{"level":30,"time":1780407383269,"pid":2264,"hostname":"DESKTOP-HFFR74R","reqId":"req-cn","req":{"method":"GET","url":"/api/settings"},"msg":"incoming request"}
{"level":30,"time":1780407383269,"pid":2264,"hostname":"DESKTOP-HFFR74R","reqId":"req-cn","res":{"statusCode":200},"responseTime":0.2646000012755394,"msg":"request completed"}
{"level":30,"time":1780407383270,"pid":2264,"hostname":"DESKTOP-HFFR74R","reqId":"req-co","req":{"method":"GET","url":"/api/wallets/1/balance"},"msg":"incoming request"}
{"level":30,"time":1780407383270,"pid":2264,"hostname":"DESKTOP-HFFR74R","reqId":"req-co","res":{"statusCode":200},"responseTime":0.26979999989271164,"msg":"request completed"}
{"level":30,"time":1780407385251,"pid":2264,"hostname":"DESKTOP-HFFR74R","reqId":"req-cp","req":{"method":"GET","url":"/api/fees"},"msg":"incoming request"}
{"level":30,"time":1780407385252,"pid":2264,"hostname":"DESKTOP-HFFR74R","reqId":"req-cp","res":{"statusCode":200},"responseTime":0.1574999988079071,"msg":"request completed"}
{"level":30,"time":1780407385282,"pid":2264,"hostname":"DESKTOP-HFFR74R","reqId":"req-cq","req":{"method":"GET","url":"/api/wallets/1/balance"},"msg":"incoming request"}
{"level":30,"time":1780407385282,"pid":2264,"hostname":"DESKTOP-HFFR74R","reqId":"req-cq","res":{"statusCode":200},"responseTime":0.29760000109672546,"msg":"request completed"}
{"level":30,"time":1780407391098,"pid":2264,"hostname":"DESKTOP-HFFR74R","reqId":"req-cr","req":{"method":"GET","url":"/api/wallets/1/utxos?spent=false&sort=amount&order=desc"},"msg":"incoming request"}
{"level":30,"time":1780407391099,"pid":2264,"hostname":"DESKTOP-HFFR74R","reqId":"req-cr","res":{"statusCode":200},"responseTime":0.6798999980092049,"msg":"request completed"}
{"level":30,"time":1780407400300,"pid":2264,"hostname":"DESKTOP-HFFR74R","reqId":"req-cs","req":{"method":"GET","url":"/api/wallets/1/balance"},"msg":"incoming request"}
{"level":30,"time":1780407400301,"pid":2264,"hostname":"DESKTOP-HFFR74R","reqId":"req-cs","res":{"statusCode":200},"responseTime":0.32029999792575836,"msg":"request completed"}
{"level":30,"time":1780407415313,"pid":2264,"hostname":"DESKTOP-HFFR74R","reqId":"req-ct","req":{"method":"GET","url":"/api/wallets/1/balance"},"msg":"incoming request"}
{"level":30,"time":1780407415313,"pid":2264,"hostname":"DESKTOP-HFFR74R","reqId":"req-ct","res":{"statusCode":200},"responseTime":0.26919999718666077,"msg":"request completed"}
{"level":30,"time":1780407430330,"pid":2264,"hostname":"DESKTOP-HFFR74R","reqId":"req-cu","req":{"method":"GET","url":"/api/wallets/1/balance"},"msg":"incoming request"}
{"level":30,"time":1780407430330,"pid":2264,"hostname":"DESKTOP-HFFR74R","reqId":"req-cu","res":{"statusCode":200},"responseTime":0.27219999581575394,"msg":"request completed"}
{"level":30,"time":1780407445268,"pid":2264,"hostname":"DESKTOP-HFFR74R","reqId":"req-cv","req":{"method":"GET","url":"/api/fees"},"msg":"incoming request"}
{"level":30,"time":1780407445345,"pid":2264,"hostname":"DESKTOP-HFFR74R","reqId":"req-cw","req":{"method":"GET","url":"/api/wallets/1/balance"},"msg":"incoming request"}
{"level":30,"time":1780407445345,"pid":2264,"hostname":"DESKTOP-HFFR74R","reqId":"req-cw","res":{"statusCode":200},"responseTime":0.28370000422000885,"msg":"request completed"}
{"level":30,"time":1780407445377,"pid":2264,"hostname":"DESKTOP-HFFR74R","reqId":"req-cv","res":{"statusCode":200},"responseTime":108.95160000026226,"msg":"request completed"}
{"level":30,"time":1780407454242,"pid":2264,"hostname":"DESKTOP-HFFR74R","reqId":"req-cx","req":{"method":"GET","url":"/api/fees"},"msg":"incoming request"}
{"level":30,"time":1780407454243,"pid":2264,"hostname":"DESKTOP-HFFR74R","reqId":"req-cx","res":{"statusCode":200},"responseTime":0.24619999527931213,"msg":"request completed"}
{"level":30,"time":1780407455246,"pid":2264,"hostname":"DESKTOP-HFFR74R","reqId":"req-cy","req":{"method":"GET","url":"/api/wallets/1/balance"},"msg":"incoming request"}
{"level":30,"time":1780407455247,"pid":2264,"hostname":"DESKTOP-HFFR74R","reqId":"req-cy","res":{"statusCode":200},"responseTime":0.6961999982595444,"msg":"request completed"}
{"level":30,"time":1780407460366,"pid":2264,"hostname":"DESKTOP-HFFR74R","reqId":"req-cz","req":{"method":"GET","url":"/api/wallets/1/balance"},"msg":"incoming request"}
{"level":30,"time":1780407460366,"pid":2264,"hostname":"DESKTOP-HFFR74R","reqId":"req-cz","res":{"statusCode":200},"responseTime":0.34610000252723694,"msg":"request completed"}
{"level":30,"time":1780407460886,"pid":2264,"hostname":"DESKTOP-HFFR74R","reqId":"req-d0","req":{"method":"GET","url":"/api/settings"},"msg":"incoming request"}
{"level":30,"time":1780407460887,"pid":2264,"hostname":"DESKTOP-HFFR74R","reqId":"req-d0","res":{"statusCode":200},"responseTime":0.45980000495910645,"msg":"request completed"}
{"level":30,"time":1780407475380,"pid":2264,"hostname":"DESKTOP-HFFR74R","reqId":"req-d1","req":{"method":"GET","url":"/api/wallets/1/balance"},"msg":"incoming request"}
{"level":30,"time":1780407475380,"pid":2264,"hostname":"DESKTOP-HFFR74R","reqId":"req-d1","res":{"statusCode":200},"responseTime":0.2791999951004982,"msg":"request completed"}
{"level":30,"time":1780407490389,"pid":2264,"hostname":"DESKTOP-HFFR74R","reqId":"req-d2","req":{"method":"GET","url":"/api/wallets/1/balance"},"msg":"incoming request"}
{"level":30,"time":1780407490389,"pid":2264,"hostname":"DESKTOP-HFFR74R","reqId":"req-d2","res":{"statusCode":200},"responseTime":0.3066999986767769,"msg":"request completed"}
{"level":30,"time":1780407505393,"pid":2264,"hostname":"DESKTOP-HFFR74R","reqId":"req-d3","req":{"method":"GET","url":"/api/fees"},"msg":"incoming request"}
{"level":30,"time":1780407505408,"pid":2264,"hostname":"DESKTOP-HFFR74R","reqId":"req-d4","req":{"method":"GET","url":"/api/wallets/1/balance"},"msg":"incoming request"}
{"level":30,"time":1780407505408,"pid":2264,"hostname":"DESKTOP-HFFR74R","reqId":"req-d4","res":{"statusCode":200},"responseTime":0.279399998486042,"msg":"request completed"}
{"level":30,"time":1780407505543,"pid":2264,"hostname":"DESKTOP-HFFR74R","reqId":"req-d3","res":{"statusCode":200},"responseTime":149.61889999359846,"msg":"request completed"}
{"level":30,"time":1780407520422,"pid":2264,"hostname":"DESKTOP-HFFR74R","reqId":"req-d5","req":{"method":"GET","url":"/api/wallets/1/balance"},"msg":"incoming request"}
{"level":30,"time":1780407520422,"pid":2264,"hostname":"DESKTOP-HFFR74R","reqId":"req-d5","res":{"statusCode":200},"responseTime":0.3000999987125397,"msg":"request completed"}
{"level":30,"time":1780407535435,"pid":2264,"hostname":"DESKTOP-HFFR74R","reqId":"req-d6","req":{"method":"GET","url":"/api/wallets/1/balance"},"msg":"incoming request"}
{"level":30,"time":1780407535435,"pid":2264,"hostname":"DESKTOP-HFFR74R","reqId":"req-d6","res":{"statusCode":200},"responseTime":0.30730000138282776,"msg":"request completed"}
{"level":30,"time":1780407550440,"pid":2264,"hostname":"DESKTOP-HFFR74R","reqId":"req-d7","req":{"method":"GET","url":"/api/wallets/1/balance"},"msg":"incoming request"}
{"level":30,"time":1780407550440,"pid":2264,"hostname":"DESKTOP-HFFR74R","reqId":"req-d7","res":{"statusCode":200},"responseTime":0.3264999985694885,"msg":"request completed"}
{"level":30,"time":1780407565448,"pid":2264,"hostname":"DESKTOP-HFFR74R","reqId":"req-d8","req":{"method":"GET","url":"/api/wallets/1/balance"},"msg":"incoming request"}
{"level":30,"time":1780407565448,"pid":2264,"hostname":"DESKTOP-HFFR74R","reqId":"req-d8","res":{"statusCode":200},"responseTime":0.3069000020623207,"msg":"request completed"}
{"level":30,"time":1780407565556,"pid":2264,"hostname":"DESKTOP-HFFR74R","reqId":"req-d9","req":{"method":"GET","url":"/api/fees"},"msg":"incoming request"}
{"level":30,"time":1780407565659,"pid":2264,"hostname":"DESKTOP-HFFR74R","reqId":"req-d9","res":{"statusCode":200},"responseTime":103.67999999970198,"msg":"request completed"}
{"level":30,"time":1780407580461,"pid":2264,"hostname":"DESKTOP-HFFR74R","reqId":"req-da","req":{"method":"GET","url":"/api/wallets/1/balance"},"msg":"incoming request"}
{"level":30,"time":1780407580461,"pid":2264,"hostname":"DESKTOP-HFFR74R","reqId":"req-da","res":{"statusCode":200},"responseTime":0.28450000286102295,"msg":"request completed"}
{"level":30,"time":1780407595472,"pid":2264,"hostname":"DESKTOP-HFFR74R","reqId":"req-db","req":{"method":"GET","url":"/api/wallets/1/balance"},"msg":"incoming request"}
{"level":30,"time":1780407595472,"pid":2264,"hostname":"DESKTOP-HFFR74R","reqId":"req-db","res":{"statusCode":200},"responseTime":0.3053999990224838,"msg":"request completed"}
{"level":30,"time":1780407610490,"pid":2264,"hostname":"DESKTOP-HFFR74R","reqId":"req-dc","req":{"method":"GET","url":"/api/wallets/1/balance"},"msg":"incoming request"}
{"level":30,"time":1780407610491,"pid":2264,"hostname":"DESKTOP-HFFR74R","reqId":"req-dc","res":{"statusCode":200},"responseTime":0.3394000008702278,"msg":"request completed"}
{"level":30,"time":1780407625498,"pid":2264,"hostname":"DESKTOP-HFFR74R","reqId":"req-dd","req":{"method":"GET","url":"/api/wallets/1/balance"},"msg":"incoming request"}
{"level":30,"time":1780407625498,"pid":2264,"hostname":"DESKTOP-HFFR74R","reqId":"req-dd","res":{"statusCode":200},"responseTime":0.303399994969368,"msg":"request completed"}
{"level":30,"time":1780407625667,"pid":2264,"hostname":"DESKTOP-HFFR74R","reqId":"req-de","req":{"method":"GET","url":"/api/fees"},"msg":"incoming request"}
{"level":30,"time":1780407625771,"pid":2264,"hostname":"DESKTOP-HFFR74R","reqId":"req-de","res":{"statusCode":200},"responseTime":103.05640000104904,"msg":"request completed"}
{"level":30,"time":1780407640507,"pid":2264,"hostname":"DESKTOP-HFFR74R","reqId":"req-df","req":{"method":"GET","url":"/api/wallets/1/balance"},"msg":"incoming request"}
{"level":30,"time":1780407640507,"pid":2264,"hostname":"DESKTOP-HFFR74R","reqId":"req-df","res":{"statusCode":200},"responseTime":0.3057999983429909,"msg":"request completed"}
{"level":30,"time":1780407655525,"pid":2264,"hostname":"DESKTOP-HFFR74R","reqId":"req-dg","req":{"method":"GET","url":"/api/wallets/1/balance"},"msg":"incoming request"}
{"level":30,"time":1780407655525,"pid":2264,"hostname":"DESKTOP-HFFR74R","reqId":"req-dg","res":{"statusCode":200},"responseTime":0.26839999854564667,"msg":"request completed"}
{"level":30,"time":1780407670533,"pid":2264,"hostname":"DESKTOP-HFFR74R","reqId":"req-dh","req":{"method":"GET","url":"/api/wallets/1/balance"},"msg":"incoming request"}
{"level":30,"time":1780407670533,"pid":2264,"hostname":"DESKTOP-HFFR74R","reqId":"req-dh","res":{"statusCode":200},"responseTime":0.2905000001192093,"msg":"request completed"}
{"level":30,"time":1780407685538,"pid":2264,"hostname":"DESKTOP-HFFR74R","reqId":"req-di","req":{"method":"GET","url":"/api/wallets/1/balance"},"msg":"incoming request"}
{"level":30,"time":1780407685539,"pid":2264,"hostname":"DESKTOP-HFFR74R","reqId":"req-di","res":{"statusCode":200},"responseTime":0.28600000590085983,"msg":"request completed"}
{"level":30,"time":1780407685785,"pid":2264,"hostname":"DESKTOP-HFFR74R","reqId":"req-dj","req":{"method":"GET","url":"/api/fees"},"msg":"incoming request"}
{"level":30,"time":1780407685906,"pid":2264,"hostname":"DESKTOP-HFFR74R","reqId":"req-dj","res":{"statusCode":200},"responseTime":120.27430000156164,"msg":"request completed"}
{"level":30,"time":1780407700543,"pid":2264,"hostname":"DESKTOP-HFFR74R","reqId":"req-dk","req":{"method":"GET","url":"/api/wallets/1/balance"},"msg":"incoming request"}
{"level":30,"time":1780407700544,"pid":2264,"hostname":"DESKTOP-HFFR74R","reqId":"req-dk","res":{"statusCode":200},"responseTime":0.2841999977827072,"msg":"request completed"}
{"level":30,"time":1780407715562,"pid":2264,"hostname":"DESKTOP-HFFR74R","reqId":"req-dl","req":{"method":"GET","url":"/api/wallets/1/balance"},"msg":"incoming request"}
{"level":30,"time":1780407715563,"pid":2264,"hostname":"DESKTOP-HFFR74R","reqId":"req-dl","res":{"statusCode":200},"responseTime":0.31790000200271606,"msg":"request completed"}
{"level":30,"time":1780407730578,"pid":2264,"hostname":"DESKTOP-HFFR74R","reqId":"req-dm","req":{"method":"GET","url":"/api/wallets/1/balance"},"msg":"incoming request"}
{"level":30,"time":1780407730579,"pid":2264,"hostname":"DESKTOP-HFFR74R","reqId":"req-dm","res":{"statusCode":200},"responseTime":0.3044999986886978,"msg":"request completed"}
{"level":30,"time":1780407745595,"pid":2264,"hostname":"DESKTOP-HFFR74R","reqId":"req-dn","req":{"method":"GET","url":"/api/wallets/1/balance"},"msg":"incoming request"}
{"level":30,"time":1780407745596,"pid":2264,"hostname":"DESKTOP-HFFR74R","reqId":"req-dn","res":{"statusCode":200},"responseTime":0.34359999746084213,"msg":"request completed"}
{"level":30,"time":1780407745921,"pid":2264,"hostname":"DESKTOP-HFFR74R","reqId":"req-do","req":{"method":"GET","url":"/api/fees"},"msg":"incoming request"}
{"level":30,"time":1780407746033,"pid":2264,"hostname":"DESKTOP-HFFR74R","reqId":"req-do","res":{"statusCode":200},"responseTime":111.75070000439882,"msg":"request completed"}
{"level":30,"time":1780407760615,"pid":2264,"hostname":"DESKTOP-HFFR74R","reqId":"req-dp","req":{"method":"GET","url":"/api/wallets/1/balance"},"msg":"incoming request"}
{"level":30,"time":1780407760616,"pid":2264,"hostname":"DESKTOP-HFFR74R","reqId":"req-dp","res":{"statusCode":200},"responseTime":0.2694000005722046,"msg":"request completed"}
{"level":30,"time":1780407775621,"pid":2264,"hostname":"DESKTOP-HFFR74R","reqId":"req-dq","req":{"method":"GET","url":"/api/wallets/1/balance"},"msg":"incoming request"}
{"level":30,"time":1780407775621,"pid":2264,"hostname":"DESKTOP-HFFR74R","reqId":"req-dq","res":{"statusCode":200},"responseTime":0.308399997651577,"msg":"request completed"}
{"level":30,"time":1780407790638,"pid":2264,"hostname":"DESKTOP-HFFR74R","reqId":"req-dr","req":{"method":"GET","url":"/api/wallets/1/balance"},"msg":"incoming request"}
{"level":30,"time":1780407790639,"pid":2264,"hostname":"DESKTOP-HFFR74R","reqId":"req-dr","res":{"statusCode":200},"responseTime":0.4026999995112419,"msg":"request completed"}
{"level":30,"time":1780407805648,"pid":2264,"hostname":"DESKTOP-HFFR74R","reqId":"req-ds","req":{"method":"GET","url":"/api/wallets/1/balance"},"msg":"incoming request"}
{"level":30,"time":1780407805648,"pid":2264,"hostname":"DESKTOP-HFFR74R","reqId":"req-ds","res":{"statusCode":200},"responseTime":0.3546000048518181,"msg":"request completed"}
{"level":30,"time":1780407806049,"pid":2264,"hostname":"DESKTOP-HFFR74R","reqId":"req-dt","req":{"method":"GET","url":"/api/fees"},"msg":"incoming request"}
{"level":30,"time":1780407806194,"pid":2264,"hostname":"DESKTOP-HFFR74R","reqId":"req-dt","res":{"statusCode":200},"responseTime":144.73929999768734,"msg":"request completed"}
{"level":30,"time":1780407820659,"pid":2264,"hostname":"DESKTOP-HFFR74R","reqId":"req-du","req":{"method":"GET","url":"/api/wallets/1/balance"},"msg":"incoming request"}
{"level":30,"time":1780407820659,"pid":2264,"hostname":"DESKTOP-HFFR74R","reqId":"req-du","res":{"statusCode":200},"responseTime":0.33410000056028366,"msg":"request completed"}
{"level":30,"time":1780407835676,"pid":2264,"hostname":"DESKTOP-HFFR74R","reqId":"req-dv","req":{"method":"GET","url":"/api/wallets/1/balance"},"msg":"incoming request"}
{"level":30,"time":1780407835676,"pid":2264,"hostname":"DESKTOP-HFFR74R","reqId":"req-dv","res":{"statusCode":200},"responseTime":0.31699999421834946,"msg":"request completed"}
{"level":30,"time":1780407850692,"pid":2264,"hostname":"DESKTOP-HFFR74R","reqId":"req-dw","req":{"method":"GET","url":"/api/wallets/1/balance"},"msg":"incoming request"}
{"level":30,"time":1780407850692,"pid":2264,"hostname":"DESKTOP-HFFR74R","reqId":"req-dw","res":{"statusCode":200},"responseTime":0.32180000096559525,"msg":"request completed"}
{"level":30,"time":1780407853100,"pid":2264,"hostname":"DESKTOP-HFFR74R","reqId":"req-dx","req":{"method":"GET","url":"/api/settings"},"msg":"incoming request"}
{"level":30,"time":1780407853101,"pid":2264,"hostname":"DESKTOP-HFFR74R","reqId":"req-dx","res":{"statusCode":200},"responseTime":0.591899998486042,"msg":"request completed"}
{"level":30,"time":1780407853102,"pid":2264,"hostname":"DESKTOP-HFFR74R","reqId":"req-dy","req":{"method":"GET","url":"/api/wallets"},"msg":"incoming request"}
{"level":30,"time":1780407853102,"pid":2264,"hostname":"DESKTOP-HFFR74R","reqId":"req-dy","res":{"statusCode":200},"responseTime":0.4042999967932701,"msg":"request completed"}
{"level":30,"time":1780407865698,"pid":2264,"hostname":"DESKTOP-HFFR74R","reqId":"req-dz","req":{"method":"GET","url":"/api/wallets/1/balance"},"msg":"incoming request"}
{"level":30,"time":1780407865699,"pid":2264,"hostname":"DESKTOP-HFFR74R","reqId":"req-dz","res":{"statusCode":200},"responseTime":0.2970000058412552,"msg":"request completed"}
{"level":30,"time":1780407866208,"pid":2264,"hostname":"DESKTOP-HFFR74R","reqId":"req-e0","req":{"method":"GET","url":"/api/fees"},"msg":"incoming request"}
{"level":30,"time":1780407866314,"pid":2264,"hostname":"DESKTOP-HFFR74R","reqId":"req-e0","res":{"statusCode":200},"responseTime":106.19669999927282,"msg":"request completed"}
{"level":30,"time":1780407880714,"pid":2264,"hostname":"DESKTOP-HFFR74R","reqId":"req-e1","req":{"method":"GET","url":"/api/wallets/1/balance"},"msg":"incoming request"}
{"level":30,"time":1780407880715,"pid":2264,"hostname":"DESKTOP-HFFR74R","reqId":"req-e1","res":{"statusCode":200},"responseTime":0.27649999409914017,"msg":"request completed"}
{"level":30,"time":1780407895724,"pid":2264,"hostname":"DESKTOP-HFFR74R","reqId":"req-e2","req":{"method":"GET","url":"/api/wallets/1/balance"},"msg":"incoming request"}
{"level":30,"time":1780407895725,"pid":2264,"hostname":"DESKTOP-HFFR74R","reqId":"req-e2","res":{"statusCode":200},"responseTime":0.3000999987125397,"msg":"request completed"}
{"level":30,"time":1780407910742,"pid":2264,"hostname":"DESKTOP-HFFR74R","reqId":"req-e3","req":{"method":"GET","url":"/api/wallets/1/balance"},"msg":"incoming request"}
{"level":30,"time":1780407910742,"pid":2264,"hostname":"DESKTOP-HFFR74R","reqId":"req-e3","res":{"statusCode":200},"responseTime":0.28190000355243683,"msg":"request completed"}
{"level":30,"time":1780407925756,"pid":2264,"hostname":"DESKTOP-HFFR74R","reqId":"req-e4","req":{"method":"GET","url":"/api/wallets/1/balance"},"msg":"incoming request"}
{"level":30,"time":1780407925756,"pid":2264,"hostname":"DESKTOP-HFFR74R","reqId":"req-e4","res":{"statusCode":200},"responseTime":0.2980000004172325,"msg":"request completed"}
{"level":30,"time":1780407926328,"pid":2264,"hostname":"DESKTOP-HFFR74R","reqId":"req-e5","req":{"method":"GET","url":"/api/fees"},"msg":"incoming request"}
{"level":30,"time":1780407926432,"pid":2264,"hostname":"DESKTOP-HFFR74R","reqId":"req-e5","res":{"statusCode":200},"responseTime":103.77469999343157,"msg":"request completed"}
{"level":30,"time":1780407940763,"pid":2264,"hostname":"DESKTOP-HFFR74R","reqId":"req-e6","req":{"method":"GET","url":"/api/wallets/1/balance"},"msg":"incoming request"}
{"level":30,"time":1780407940763,"pid":2264,"hostname":"DESKTOP-HFFR74R","reqId":"req-e6","res":{"statusCode":200},"responseTime":0.27070000022649765,"msg":"request completed"}
{"level":30,"time":1780407955769,"pid":2264,"hostname":"DESKTOP-HFFR74R","reqId":"req-e7","req":{"method":"GET","url":"/api/wallets/1/balance"},"msg":"incoming request"}
{"level":30,"time":1780407955770,"pid":2264,"hostname":"DESKTOP-HFFR74R","reqId":"req-e7","res":{"statusCode":200},"responseTime":0.313400000333786,"msg":"request completed"}
{"level":30,"time":1780407970782,"pid":2264,"hostname":"DESKTOP-HFFR74R","reqId":"req-e8","req":{"method":"GET","url":"/api/wallets/1/balance"},"msg":"incoming request"}
{"level":30,"time":1780407970783,"pid":2264,"hostname":"DESKTOP-HFFR74R","reqId":"req-e8","res":{"statusCode":200},"responseTime":0.27490000426769257,"msg":"request completed"}
{"level":30,"time":1780407985796,"pid":2264,"hostname":"DESKTOP-HFFR74R","reqId":"req-e9","req":{"method":"GET","url":"/api/wallets/1/balance"},"msg":"incoming request"}
{"level":30,"time":1780407985797,"pid":2264,"hostname":"DESKTOP-HFFR74R","reqId":"req-e9","res":{"statusCode":200},"responseTime":0.28599999845027924,"msg":"request completed"}
{"level":30,"time":1780407986445,"pid":2264,"hostname":"DESKTOP-HFFR74R","reqId":"req-ea","req":{"method":"GET","url":"/api/fees"},"msg":"incoming request"}
{"level":30,"time":1780407986554,"pid":2264,"hostname":"DESKTOP-HFFR74R","reqId":"req-ea","res":{"statusCode":200},"responseTime":109.40590000152588,"msg":"request completed"}
{"level":30,"time":1780408000814,"pid":2264,"hostname":"DESKTOP-HFFR74R","reqId":"req-eb","req":{"method":"GET","url":"/api/wallets/1/balance"},"msg":"incoming request"}
{"level":30,"time":1780408000814,"pid":2264,"hostname":"DESKTOP-HFFR74R","reqId":"req-eb","res":{"statusCode":200},"responseTime":0.31789999455213547,"msg":"request completed"}
{"level":30,"time":1780408015827,"pid":2264,"hostname":"DESKTOP-HFFR74R","reqId":"req-ec","req":{"method":"GET","url":"/api/wallets/1/balance"},"msg":"incoming request"}
{"level":30,"time":1780408015827,"pid":2264,"hostname":"DESKTOP-HFFR74R","reqId":"req-ec","res":{"statusCode":200},"responseTime":0.31529999524354935,"msg":"request completed"}
{"level":30,"time":1780408030844,"pid":2264,"hostname":"DESKTOP-HFFR74R","reqId":"req-ed","req":{"method":"GET","url":"/api/wallets/1/balance"},"msg":"incoming request"}
{"level":30,"time":1780408030845,"pid":2264,"hostname":"DESKTOP-HFFR74R","reqId":"req-ed","res":{"statusCode":200},"responseTime":0.34530000388622284,"msg":"request completed"}
{"level":30,"time":1780408045859,"pid":2264,"hostname":"DESKTOP-HFFR74R","reqId":"req-ee","req":{"method":"GET","url":"/api/wallets/1/balance"},"msg":"incoming request"}
{"level":30,"time":1780408045860,"pid":2264,"hostname":"DESKTOP-HFFR74R","reqId":"req-ee","res":{"statusCode":200},"responseTime":0.31759999692440033,"msg":"request completed"}
{"level":30,"time":1780408046571,"pid":2264,"hostname":"DESKTOP-HFFR74R","reqId":"req-ef","req":{"method":"GET","url":"/api/fees"},"msg":"incoming request"}
{"level":30,"time":1780408046680,"pid":2264,"hostname":"DESKTOP-HFFR74R","reqId":"req-ef","res":{"statusCode":200},"responseTime":109.27000000327826,"msg":"request completed"}
{"level":30,"time":1780408060879,"pid":2264,"hostname":"DESKTOP-HFFR74R","reqId":"req-eg","req":{"method":"GET","url":"/api/wallets/1/balance"},"msg":"incoming request"}
{"level":30,"time":1780408060879,"pid":2264,"hostname":"DESKTOP-HFFR74R","reqId":"req-eg","res":{"statusCode":200},"responseTime":0.30170000344514847,"msg":"request completed"}
{"level":30,"time":1780408075886,"pid":2264,"hostname":"DESKTOP-HFFR74R","reqId":"req-eh","req":{"method":"GET","url":"/api/wallets/1/balance"},"msg":"incoming request"}
{"level":30,"time":1780408075887,"pid":2264,"hostname":"DESKTOP-HFFR74R","reqId":"req-eh","res":{"statusCode":200},"responseTime":0.28459999710321426,"msg":"request completed"}
{"level":30,"time":1780408090894,"pid":2264,"hostname":"DESKTOP-HFFR74R","reqId":"req-ei","req":{"method":"GET","url":"/api/wallets/1/balance"},"msg":"incoming request"}
{"level":30,"time":1780408090894,"pid":2264,"hostname":"DESKTOP-HFFR74R","reqId":"req-ei","res":{"statusCode":200},"responseTime":0.2774000018835068,"msg":"request completed"}
{"level":30,"time":1780408105901,"pid":2264,"hostname":"DESKTOP-HFFR74R","reqId":"req-ej","req":{"method":"GET","url":"/api/wallets/1/balance"},"msg":"incoming request"}
{"level":30,"time":1780408105901,"pid":2264,"hostname":"DESKTOP-HFFR74R","reqId":"req-ej","res":{"statusCode":200},"responseTime":0.27230000495910645,"msg":"request completed"}
{"level":30,"time":1780408106692,"pid":2264,"hostname":"DESKTOP-HFFR74R","reqId":"req-ek","req":{"method":"GET","url":"/api/fees"},"msg":"incoming request"}
{"level":30,"time":1780408106831,"pid":2264,"hostname":"DESKTOP-HFFR74R","reqId":"req-ek","res":{"statusCode":200},"responseTime":138.61850000172853,"msg":"request completed"}
{"level":30,"time":1780408120910,"pid":2264,"hostname":"DESKTOP-HFFR74R","reqId":"req-el","req":{"method":"GET","url":"/api/wallets/1/balance"},"msg":"incoming request"}
{"level":30,"time":1780408120910,"pid":2264,"hostname":"DESKTOP-HFFR74R","reqId":"req-el","res":{"statusCode":200},"responseTime":0.2778000012040138,"msg":"request completed"}
{"level":30,"time":1780408135960,"pid":2264,"hostname":"DESKTOP-HFFR74R","reqId":"req-em","req":{"method":"GET","url":"/api/wallets/1/balance"},"msg":"incoming request"}
{"level":30,"time":1780408135960,"pid":2264,"hostname":"DESKTOP-HFFR74R","reqId":"req-em","res":{"statusCode":200},"responseTime":0.27980000525712967,"msg":"request completed"}
{"level":30,"time":1780408150970,"pid":2264,"hostname":"DESKTOP-HFFR74R","reqId":"req-en","req":{"method":"GET","url":"/api/wallets/1/balance"},"msg":"incoming request"}
{"level":30,"time":1780408150971,"pid":2264,"hostname":"DESKTOP-HFFR74R","reqId":"req-en","res":{"statusCode":200},"responseTime":0.2932000011205673,"msg":"request completed"}
{"level":30,"time":1780408165987,"pid":2264,"hostname":"DESKTOP-HFFR74R","reqId":"req-eo","req":{"method":"GET","url":"/api/wallets/1/balance"},"msg":"incoming request"}
{"level":30,"time":1780408165987,"pid":2264,"hostname":"DESKTOP-HFFR74R","reqId":"req-eo","res":{"statusCode":200},"responseTime":0.2906999960541725,"msg":"request completed"}
{"level":30,"time":1780408166838,"pid":2264,"hostname":"DESKTOP-HFFR74R","reqId":"req-ep","req":{"method":"GET","url":"/api/fees"},"msg":"incoming request"}
{"level":30,"time":1780408166943,"pid":2264,"hostname":"DESKTOP-HFFR74R","reqId":"req-ep","res":{"statusCode":200},"responseTime":105.48589999973774,"msg":"request completed"}
{"level":30,"time":1780408180993,"pid":2264,"hostname":"DESKTOP-HFFR74R","reqId":"req-eq","req":{"method":"GET","url":"/api/wallets/1/balance"},"msg":"incoming request"}
{"level":30,"time":1780408180993,"pid":2264,"hostname":"DESKTOP-HFFR74R","reqId":"req-eq","res":{"statusCode":200},"responseTime":0.33159999549388885,"msg":"request completed"}
{"level":30,"time":1780408196002,"pid":2264,"hostname":"DESKTOP-HFFR74R","reqId":"req-er","req":{"method":"GET","url":"/api/wallets/1/balance"},"msg":"incoming request"}
{"level":30,"time":1780408196002,"pid":2264,"hostname":"DESKTOP-HFFR74R","reqId":"req-er","res":{"statusCode":200},"responseTime":0.2953000068664551,"msg":"request completed"}
{"level":30,"time":1780408211020,"pid":2264,"hostname":"DESKTOP-HFFR74R","reqId":"req-es","req":{"method":"GET","url":"/api/wallets/1/balance"},"msg":"incoming request"}
{"level":30,"time":1780408211021,"pid":2264,"hostname":"DESKTOP-HFFR74R","reqId":"req-es","res":{"statusCode":200},"responseTime":0.30070000141859055,"msg":"request completed"}
{"level":30,"time":1780408226031,"pid":2264,"hostname":"DESKTOP-HFFR74R","reqId":"req-et","req":{"method":"GET","url":"/api/wallets/1/balance"},"msg":"incoming request"}
{"level":30,"time":1780408226031,"pid":2264,"hostname":"DESKTOP-HFFR74R","reqId":"req-et","res":{"statusCode":200},"responseTime":0.3109000027179718,"msg":"request completed"}
{"level":30,"time":1780408226973,"pid":2264,"hostname":"DESKTOP-HFFR74R","reqId":"req-eu","req":{"method":"GET","url":"/api/fees"},"msg":"incoming request"}
{"level":30,"time":1780408227077,"pid":2264,"hostname":"DESKTOP-HFFR74R","reqId":"req-eu","res":{"statusCode":200},"responseTime":104.72190000116825,"msg":"request completed"}
{"level":30,"time":1780408241048,"pid":2264,"hostname":"DESKTOP-HFFR74R","reqId":"req-ev","req":{"method":"GET","url":"/api/wallets/1/balance"},"msg":"incoming request"}
{"level":30,"time":1780408241048,"pid":2264,"hostname":"DESKTOP-HFFR74R","reqId":"req-ev","res":{"statusCode":200},"responseTime":0.27459999918937683,"msg":"request completed"}
{"level":30,"time":1780408256063,"pid":2264,"hostname":"DESKTOP-HFFR74R","reqId":"req-ew","req":{"method":"GET","url":"/api/wallets/1/balance"},"msg":"incoming request"}
{"level":30,"time":1780408256063,"pid":2264,"hostname":"DESKTOP-HFFR74R","reqId":"req-ew","res":{"statusCode":200},"responseTime":0.36169999837875366,"msg":"request completed"}
{"level":30,"time":1780408271070,"pid":2264,"hostname":"DESKTOP-HFFR74R","reqId":"req-ex","req":{"method":"GET","url":"/api/wallets/1/balance"},"msg":"incoming request"}
{"level":30,"time":1780408271071,"pid":2264,"hostname":"DESKTOP-HFFR74R","reqId":"req-ex","res":{"statusCode":200},"responseTime":0.32829999923706055,"msg":"request completed"}
{"level":30,"time":1780408286088,"pid":2264,"hostname":"DESKTOP-HFFR74R","reqId":"req-ey","req":{"method":"GET","url":"/api/wallets/1/balance"},"msg":"incoming request"}
{"level":30,"time":1780408286088,"pid":2264,"hostname":"DESKTOP-HFFR74R","reqId":"req-ey","res":{"statusCode":200},"responseTime":0.35530000180006027,"msg":"request completed"}
{"level":30,"time":1780408287092,"pid":2264,"hostname":"DESKTOP-HFFR74R","reqId":"req-ez","req":{"method":"GET","url":"/api/fees"},"msg":"incoming request"}
{"level":30,"time":1780408287201,"pid":2264,"hostname":"DESKTOP-HFFR74R","reqId":"req-ez","res":{"statusCode":200},"responseTime":108.52120000123978,"msg":"request completed"}
{"level":30,"time":1780408301097,"pid":2264,"hostname":"DESKTOP-HFFR74R","reqId":"req-f0","req":{"method":"GET","url":"/api/wallets/1/balance"},"msg":"incoming request"}
{"level":30,"time":1780408301098,"pid":2264,"hostname":"DESKTOP-HFFR74R","reqId":"req-f0","res":{"statusCode":200},"responseTime":0.27759999781847,"msg":"request completed"}
{"level":30,"time":1780408316108,"pid":2264,"hostname":"DESKTOP-HFFR74R","reqId":"req-f1","req":{"method":"GET","url":"/api/wallets/1/balance"},"msg":"incoming request"}
{"level":30,"time":1780408316108,"pid":2264,"hostname":"DESKTOP-HFFR74R","reqId":"req-f1","res":{"statusCode":200},"responseTime":0.41939999908208847,"msg":"request completed"}
{"level":30,"time":1780408331117,"pid":2264,"hostname":"DESKTOP-HFFR74R","reqId":"req-f2","req":{"method":"GET","url":"/api/wallets/1/balance"},"msg":"incoming request"}
{"level":30,"time":1780408331117,"pid":2264,"hostname":"DESKTOP-HFFR74R","reqId":"req-f2","res":{"statusCode":200},"responseTime":0.33009999990463257,"msg":"request completed"}
{"level":30,"time":1780408336666,"pid":2264,"hostname":"DESKTOP-HFFR74R","reqId":"req-f3","req":{"method":"GET","url":"/api/settings"},"msg":"incoming request"}
{"level":30,"time":1780408336666,"pid":2264,"hostname":"DESKTOP-HFFR74R","reqId":"req-f3","res":{"statusCode":200},"responseTime":0.5461999997496605,"msg":"request completed"}
{"level":30,"time":1780408346131,"pid":2264,"hostname":"DESKTOP-HFFR74R","reqId":"req-f4","req":{"method":"GET","url":"/api/wallets/1/balance"},"msg":"incoming request"}
{"level":30,"time":1780408346131,"pid":2264,"hostname":"DESKTOP-HFFR74R","reqId":"req-f4","res":{"statusCode":200},"responseTime":0.3211999982595444,"msg":"request completed"}
{"level":30,"time":1780408347212,"pid":2264,"hostname":"DESKTOP-HFFR74R","reqId":"req-f5","req":{"method":"GET","url":"/api/fees"},"msg":"incoming request"}
{"level":30,"time":1780408347322,"pid":2264,"hostname":"DESKTOP-HFFR74R","reqId":"req-f5","res":{"statusCode":200},"responseTime":109.9328999966383,"msg":"request completed"}
{"level":30,"time":1780408361140,"pid":2264,"hostname":"DESKTOP-HFFR74R","reqId":"req-f6","req":{"method":"GET","url":"/api/wallets/1/balance"},"msg":"incoming request"}
{"level":30,"time":1780408361140,"pid":2264,"hostname":"DESKTOP-HFFR74R","reqId":"req-f6","res":{"statusCode":200},"responseTime":0.33789999783039093,"msg":"request completed"}
{"level":30,"time":1780408376145,"pid":2264,"hostname":"DESKTOP-HFFR74R","reqId":"req-f7","req":{"method":"GET","url":"/api/wallets/1/balance"},"msg":"incoming request"}
{"level":30,"time":1780408376145,"pid":2264,"hostname":"DESKTOP-HFFR74R","reqId":"req-f7","res":{"statusCode":200},"responseTime":0.3049999997019768,"msg":"request completed"}
{"level":30,"time":1780408391161,"pid":2264,"hostname":"DESKTOP-HFFR74R","reqId":"req-f8","req":{"method":"GET","url":"/api/wallets/1/balance"},"msg":"incoming request"}
{"level":30,"time":1780408391162,"pid":2264,"hostname":"DESKTOP-HFFR74R","reqId":"req-f8","res":{"statusCode":200},"responseTime":0.32899999618530273,"msg":"request completed"}
{"level":30,"time":1780408406174,"pid":2264,"hostname":"DESKTOP-HFFR74R","reqId":"req-f9","req":{"method":"GET","url":"/api/wallets/1/balance"},"msg":"incoming request"}
{"level":30,"time":1780408406174,"pid":2264,"hostname":"DESKTOP-HFFR74R","reqId":"req-f9","res":{"statusCode":200},"responseTime":0.2700999975204468,"msg":"request completed"}
{"level":30,"time":1780408407333,"pid":2264,"hostname":"DESKTOP-HFFR74R","reqId":"req-fa","req":{"method":"GET","url":"/api/fees"},"msg":"incoming request"}
{"level":30,"time":1780408407475,"pid":2264,"hostname":"DESKTOP-HFFR74R","reqId":"req-fa","res":{"statusCode":200},"responseTime":141.76290000230074,"msg":"request completed"}
{"level":30,"time":1780408421187,"pid":2264,"hostname":"DESKTOP-HFFR74R","reqId":"req-fb","req":{"method":"GET","url":"/api/wallets/1/balance"},"msg":"incoming request"}
{"level":30,"time":1780408421187,"pid":2264,"hostname":"DESKTOP-HFFR74R","reqId":"req-fb","res":{"statusCode":200},"responseTime":0.29500000178813934,"msg":"request completed"}
{"level":30,"time":1780408436196,"pid":2264,"hostname":"DESKTOP-HFFR74R","reqId":"req-fc","req":{"method":"GET","url":"/api/wallets/1/balance"},"msg":"incoming request"}
{"level":30,"time":1780408436196,"pid":2264,"hostname":"DESKTOP-HFFR74R","reqId":"req-fc","res":{"statusCode":200},"responseTime":0.3342999964952469,"msg":"request completed"}
{"level":30,"time":1780408451214,"pid":2264,"hostname":"DESKTOP-HFFR74R","reqId":"req-fd","req":{"method":"GET","url":"/api/wallets/1/balance"},"msg":"incoming request"}
{"level":30,"time":1780408451214,"pid":2264,"hostname":"DESKTOP-HFFR74R","reqId":"req-fd","res":{"statusCode":200},"responseTime":0.28700000047683716,"msg":"request completed"}
{"level":30,"time":1780408466221,"pid":2264,"hostname":"DESKTOP-HFFR74R","reqId":"req-fe","req":{"method":"GET","url":"/api/wallets/1/balance"},"msg":"incoming request"}
{"level":30,"time":1780408466221,"pid":2264,"hostname":"DESKTOP-HFFR74R","reqId":"req-fe","res":{"statusCode":200},"responseTime":0.2830999940633774,"msg":"request completed"}
{"level":30,"time":1780408467487,"pid":2264,"hostname":"DESKTOP-HFFR74R","reqId":"req-ff","req":{"method":"GET","url":"/api/fees"},"msg":"incoming request"}
{"level":30,"time":1780408467611,"pid":2264,"hostname":"DESKTOP-HFFR74R","reqId":"req-ff","res":{"statusCode":200},"responseTime":124.07940000295639,"msg":"request completed"}
{"level":30,"time":1780408481239,"pid":2264,"hostname":"DESKTOP-HFFR74R","reqId":"req-fg","req":{"method":"GET","url":"/api/wallets/1/balance"},"msg":"incoming request"}
{"level":30,"time":1780408481240,"pid":2264,"hostname":"DESKTOP-HFFR74R","reqId":"req-fg","res":{"statusCode":200},"responseTime":0.30560000240802765,"msg":"request completed"}
{"level":30,"time":1780408496253,"pid":2264,"hostname":"DESKTOP-HFFR74R","reqId":"req-fh","req":{"method":"GET","url":"/api/wallets/1/balance"},"msg":"incoming request"}
{"level":30,"time":1780408496253,"pid":2264,"hostname":"DESKTOP-HFFR74R","reqId":"req-fh","res":{"statusCode":200},"responseTime":0.28700000047683716,"msg":"request completed"}
{"level":30,"time":1780408511267,"pid":2264,"hostname":"DESKTOP-HFFR74R","reqId":"req-fi","req":{"method":"GET","url":"/api/wallets/1/balance"},"msg":"incoming request"}
{"level":30,"time":1780408511267,"pid":2264,"hostname":"DESKTOP-HFFR74R","reqId":"req-fi","res":{"statusCode":200},"responseTime":0.3312000036239624,"msg":"request completed"}
{"level":30,"time":1780408526275,"pid":2264,"hostname":"DESKTOP-HFFR74R","reqId":"req-fj","req":{"method":"GET","url":"/api/wallets/1/balance"},"msg":"incoming request"}
{"level":30,"time":1780408526275,"pid":2264,"hostname":"DESKTOP-HFFR74R","reqId":"req-fj","res":{"statusCode":200},"responseTime":0.3229999989271164,"msg":"request completed"}
{"level":30,"time":1780408527628,"pid":2264,"hostname":"DESKTOP-HFFR74R","reqId":"req-fk","req":{"method":"GET","url":"/api/fees"},"msg":"incoming request"}
{"level":30,"time":1780408527735,"pid":2264,"hostname":"DESKTOP-HFFR74R","reqId":"req-fk","res":{"statusCode":200},"responseTime":106.05269999802113,"msg":"request completed"}
{"level":30,"time":1780408541292,"pid":2264,"hostname":"DESKTOP-HFFR74R","reqId":"req-fl","req":{"method":"GET","url":"/api/wallets/1/balance"},"msg":"incoming request"}
{"level":30,"time":1780408541292,"pid":2264,"hostname":"DESKTOP-HFFR74R","reqId":"req-fl","res":{"statusCode":200},"responseTime":0.30470000207424164,"msg":"request completed"}
{"level":30,"time":1780408556302,"pid":2264,"hostname":"DESKTOP-HFFR74R","reqId":"req-fm","req":{"method":"GET","url":"/api/wallets/1/balance"},"msg":"incoming request"}
{"level":30,"time":1780408556303,"pid":2264,"hostname":"DESKTOP-HFFR74R","reqId":"req-fm","res":{"statusCode":200},"responseTime":0.3229999989271164,"msg":"request completed"}
{"level":30,"time":1780408571322,"pid":2264,"hostname":"DESKTOP-HFFR74R","reqId":"req-fn","req":{"method":"GET","url":"/api/wallets/1/balance"},"msg":"incoming request"}
{"level":30,"time":1780408571322,"pid":2264,"hostname":"DESKTOP-HFFR74R","reqId":"req-fn","res":{"statusCode":200},"responseTime":0.3278000056743622,"msg":"request completed"}
{"level":30,"time":1780408586328,"pid":2264,"hostname":"DESKTOP-HFFR74R","reqId":"req-fo","req":{"method":"GET","url":"/api/wallets/1/balance"},"msg":"incoming request"}
{"level":30,"time":1780408586329,"pid":2264,"hostname":"DESKTOP-HFFR74R","reqId":"req-fo","res":{"statusCode":200},"responseTime":0.32179999351501465,"msg":"request completed"}
{"level":30,"time":1780408587747,"pid":2264,"hostname":"DESKTOP-HFFR74R","reqId":"req-fp","req":{"method":"GET","url":"/api/fees"},"msg":"incoming request"}
{"level":30,"time":1780408587851,"pid":2264,"hostname":"DESKTOP-HFFR74R","reqId":"req-fp","res":{"statusCode":200},"responseTime":104.45740000158548,"msg":"request completed"}
{"level":30,"time":1780408590633,"pid":2264,"hostname":"DESKTOP-HFFR74R","reqId":"req-fq","req":{"method":"GET","url":"/api/wallets"},"msg":"incoming request"}
{"level":30,"time":1780408590634,"pid":2264,"hostname":"DESKTOP-HFFR74R","reqId":"req-fq","res":{"statusCode":200},"responseTime":0.407600000500679,"msg":"request completed"}
{"level":30,"time":1780408590634,"pid":2264,"hostname":"DESKTOP-HFFR74R","reqId":"req-fr","req":{"method":"GET","url":"/api/settings"},"msg":"incoming request"}
{"level":30,"time":1780408590634,"pid":2264,"hostname":"DESKTOP-HFFR74R","reqId":"req-fr","res":{"statusCode":200},"responseTime":0.2509999945759773,"msg":"request completed"}
{"level":30,"time":1780408590635,"pid":2264,"hostname":"DESKTOP-HFFR74R","reqId":"req-fs","req":{"method":"GET","url":"/api/wallets"},"msg":"incoming request"}
{"level":30,"time":1780408590635,"pid":2264,"hostname":"DESKTOP-HFFR74R","reqId":"req-fs","res":{"statusCode":200},"responseTime":0.20989999920129776,"msg":"request completed"}
{"level":30,"time":1780408590635,"pid":2264,"hostname":"DESKTOP-HFFR74R","reqId":"req-ft","req":{"method":"GET","url":"/api/settings"},"msg":"incoming request"}
{"level":30,"time":1780408590636,"pid":2264,"hostname":"DESKTOP-HFFR74R","reqId":"req-ft","res":{"statusCode":200},"responseTime":0.3596999943256378,"msg":"request completed"}
{"level":30,"time":1780408594342,"pid":2264,"hostname":"DESKTOP-HFFR74R","reqId":"req-fu","req":{"method":"GET","url":"/api/wallets"},"msg":"incoming request"}
{"level":30,"time":1780408594342,"pid":2264,"hostname":"DESKTOP-HFFR74R","reqId":"req-fu","res":{"statusCode":200},"responseTime":0.35440000146627426,"msg":"request completed"}
{"level":30,"time":1780408594342,"pid":2264,"hostname":"DESKTOP-HFFR74R","reqId":"req-fv","req":{"method":"GET","url":"/api/wallets/1/sync/status"},"msg":"incoming request"}
{"level":30,"time":1780408594343,"pid":2264,"hostname":"DESKTOP-HFFR74R","reqId":"req-fv","res":{"statusCode":200},"responseTime":0.18129999935626984,"msg":"request completed"}
{"level":30,"time":1780408594343,"pid":2264,"hostname":"DESKTOP-HFFR74R","reqId":"req-fw","req":{"method":"GET","url":"/api/settings"},"msg":"incoming request"}
{"level":30,"time":1780408594343,"pid":2264,"hostname":"DESKTOP-HFFR74R","reqId":"req-fw","res":{"statusCode":200},"responseTime":0.32420000433921814,"msg":"request completed"}
{"level":30,"time":1780408612096,"pid":2264,"hostname":"DESKTOP-HFFR74R","reqId":"req-fx","req":{"method":"GET","url":"/api/wallets"},"msg":"incoming request"}
{"level":30,"time":1780408612097,"pid":2264,"hostname":"DESKTOP-HFFR74R","reqId":"req-fx","res":{"statusCode":200},"responseTime":0.34619999676942825,"msg":"request completed"}
{"level":30,"time":1780408612098,"pid":2264,"hostname":"DESKTOP-HFFR74R","reqId":"req-fy","req":{"method":"GET","url":"/api/settings"},"msg":"incoming request"}
{"level":30,"time":1780408612098,"pid":2264,"hostname":"DESKTOP-HFFR74R","reqId":"req-fy","res":{"statusCode":200},"responseTime":0.2790999934077263,"msg":"request completed"}
{"level":30,"time":1780408696237,"pid":2264,"hostname":"DESKTOP-HFFR74R","reqId":"req-fz","req":{"method":"GET","url":"/api/fees"},"msg":"incoming request"}
{"level":30,"time":1780408696244,"pid":2264,"hostname":"DESKTOP-HFFR74R","reqId":"req-g0","req":{"method":"GET","url":"/api/settings"},"msg":"incoming request"}
{"level":30,"time":1780408696245,"pid":2264,"hostname":"DESKTOP-HFFR74R","reqId":"req-g0","res":{"statusCode":200},"responseTime":0.43879999965429306,"msg":"request completed"}
{"level":30,"time":1780408696245,"pid":2264,"hostname":"DESKTOP-HFFR74R","reqId":"req-g1","req":{"method":"GET","url":"/api/wallets/1"},"msg":"incoming request"}
{"level":30,"time":1780408696246,"pid":2264,"hostname":"DESKTOP-HFFR74R","reqId":"req-g1","res":{"statusCode":200},"responseTime":0.9750999957323074,"msg":"request completed"}
{"level":30,"time":1780408696246,"pid":2264,"hostname":"DESKTOP-HFFR74R","reqId":"req-g2","req":{"method":"GET","url":"/api/wallets/1/balance"},"msg":"incoming request"}
{"level":30,"time":1780408696247,"pid":2264,"hostname":"DESKTOP-HFFR74R","reqId":"req-g2","res":{"statusCode":200},"responseTime":0.77309999614954,"msg":"request completed"}
{"level":30,"time":1780408696247,"pid":2264,"hostname":"DESKTOP-HFFR74R","reqId":"req-g3","req":{"method":"GET","url":"/api/wallets/1/sync/status"},"msg":"incoming request"}
{"level":30,"time":1780408696248,"pid":2264,"hostname":"DESKTOP-HFFR74R","reqId":"req-g3","res":{"statusCode":200},"responseTime":0.3325999975204468,"msg":"request completed"}
{"level":30,"time":1780408696340,"pid":2264,"hostname":"DESKTOP-HFFR74R","reqId":"req-fz","res":{"statusCode":200},"responseTime":103.35350000113249,"msg":"request completed"}
{"level":30,"time":1780408698229,"pid":2264,"hostname":"DESKTOP-HFFR74R","reqId":"req-g4","req":{"method":"GET","url":"/api/wallets/1/utxos?spent=false&sort=amount&order=desc"},"msg":"incoming request"}
{"level":30,"time":1780408698229,"pid":2264,"hostname":"DESKTOP-HFFR74R","reqId":"req-g4","res":{"statusCode":200},"responseTime":0.48669999837875366,"msg":"request completed"}
{"level":30,"time":1780408716227,"pid":2264,"hostname":"DESKTOP-HFFR74R","reqId":"req-g5","req":{"method":"GET","url":"/api/wallets"},"msg":"incoming request"}
{"level":30,"time":1780408716227,"pid":2264,"hostname":"DESKTOP-HFFR74R","reqId":"req-g5","res":{"statusCode":200},"responseTime":0.3896000012755394,"msg":"request completed"}
{"level":30,"time":1780409000236,"pid":2264,"hostname":"DESKTOP-HFFR74R","reqId":"req-g6","req":{"method":"GET","url":"/api/settings"},"msg":"incoming request"}
{"level":30,"time":1780409000237,"pid":2264,"hostname":"DESKTOP-HFFR74R","reqId":"req-g6","res":{"statusCode":200},"responseTime":1.2677000015974045,"msg":"request completed"}
{"level":30,"time":1780409008723,"pid":2264,"hostname":"DESKTOP-HFFR74R","reqId":"req-g7","req":{"method":"GET","url":"/api/wallets"},"msg":"incoming request"}
{"level":30,"time":1780409008723,"pid":2264,"hostname":"DESKTOP-HFFR74R","reqId":"req-g7","res":{"statusCode":200},"responseTime":0.3742000013589859,"msg":"request completed"}
{"level":30,"time":1780409310625,"pid":2264,"hostname":"DESKTOP-HFFR74R","reqId":"req-g8","req":{"method":"GET","url":"/api/wallets"},"msg":"incoming request"}
{"level":30,"time":1780409310626,"pid":2264,"hostname":"DESKTOP-HFFR74R","reqId":"req-g8","res":{"statusCode":200},"responseTime":0.4975999966263771,"msg":"request completed"}
{"level":30,"time":1780409310627,"pid":2264,"hostname":"DESKTOP-HFFR74R","reqId":"req-g9","req":{"method":"GET","url":"/api/wallets"},"msg":"incoming request"}
{"level":30,"time":1780409310627,"pid":2264,"hostname":"DESKTOP-HFFR74R","reqId":"req-g9","res":{"statusCode":200},"responseTime":0.4717999994754791,"msg":"request completed"}
{"level":30,"time":1780409310628,"pid":2264,"hostname":"DESKTOP-HFFR74R","reqId":"req-ga","req":{"method":"GET","url":"/api/settings"},"msg":"incoming request"}
{"level":30,"time":1780409310628,"pid":2264,"hostname":"DESKTOP-HFFR74R","reqId":"req-ga","res":{"statusCode":200},"responseTime":0.39389999955892563,"msg":"request completed"}
{"level":30,"time":1780409310628,"pid":2264,"hostname":"DESKTOP-HFFR74R","reqId":"req-gb","req":{"method":"GET","url":"/api/settings"},"msg":"incoming request"}
{"level":30,"time":1780409310629,"pid":2264,"hostname":"DESKTOP-HFFR74R","reqId":"req-gb","res":{"statusCode":200},"responseTime":0.3043000027537346,"msg":"request completed"}
{"level":30,"time":1780409314802,"pid":2264,"hostname":"DESKTOP-HFFR74R","reqId":"req-gc","req":{"method":"GET","url":"/api/wallets"},"msg":"incoming request"}
{"level":30,"time":1780409314802,"pid":2264,"hostname":"DESKTOP-HFFR74R","reqId":"req-gc","res":{"statusCode":200},"responseTime":0.36640000343322754,"msg":"request completed"}
{"level":30,"time":1780409314802,"pid":2264,"hostname":"DESKTOP-HFFR74R","reqId":"req-gd","req":{"method":"GET","url":"/api/settings"},"msg":"incoming request"}
{"level":30,"time":1780409314803,"pid":2264,"hostname":"DESKTOP-HFFR74R","reqId":"req-gd","res":{"statusCode":200},"responseTime":0.3098999932408333,"msg":"request completed"}
{"level":30,"time":1780409363113,"pid":2264,"hostname":"DESKTOP-HFFR74R","reqId":"req-ge","req":{"method":"GET","url":"/api/wallets"},"msg":"incoming request"}
{"level":30,"time":1780409363114,"pid":2264,"hostname":"DESKTOP-HFFR74R","reqId":"req-ge","res":{"statusCode":200},"responseTime":0.5452999994158745,"msg":"request completed"}
{"level":30,"time":1780409363114,"pid":2264,"hostname":"DESKTOP-HFFR74R","reqId":"req-gf","req":{"method":"GET","url":"/api/wallets"},"msg":"incoming request"}
{"level":30,"time":1780409363115,"pid":2264,"hostname":"DESKTOP-HFFR74R","reqId":"req-gf","res":{"statusCode":200},"responseTime":0.4294999986886978,"msg":"request completed"}
{"level":30,"time":1780409363115,"pid":2264,"hostname":"DESKTOP-HFFR74R","reqId":"req-gg","req":{"method":"GET","url":"/api/settings"},"msg":"incoming request"}
{"level":30,"time":1780409363116,"pid":2264,"hostname":"DESKTOP-HFFR74R","reqId":"req-gg","res":{"statusCode":200},"responseTime":0.5030000060796738,"msg":"request completed"}
{"level":30,"time":1780409363117,"pid":2264,"hostname":"DESKTOP-HFFR74R","reqId":"req-gh","req":{"method":"GET","url":"/api/settings"},"msg":"incoming request"}
{"level":30,"time":1780409363117,"pid":2264,"hostname":"DESKTOP-HFFR74R","reqId":"req-gh","res":{"statusCode":200},"responseTime":0.38840000331401825,"msg":"request completed"}
{"level":30,"time":1780409366129,"pid":2264,"hostname":"DESKTOP-HFFR74R","reqId":"req-gi","req":{"method":"GET","url":"/api/wallets"},"msg":"incoming request"}
{"level":30,"time":1780409366129,"pid":2264,"hostname":"DESKTOP-HFFR74R","reqId":"req-gi","res":{"statusCode":200},"responseTime":0.5286999940872192,"msg":"request completed"}
{"level":30,"time":1780409366132,"pid":2264,"hostname":"DESKTOP-HFFR74R","reqId":"req-gj","req":{"method":"GET","url":"/api/settings"},"msg":"incoming request"}
{"level":30,"time":1780409366132,"pid":2264,"hostname":"DESKTOP-HFFR74R","reqId":"req-gj","res":{"statusCode":200},"responseTime":0.6564999967813492,"msg":"request completed"}
{"level":30,"time":1780409407774,"pid":2264,"hostname":"DESKTOP-HFFR74R","reqId":"req-gk","req":{"method":"GET","url":"/api/wallets"},"msg":"incoming request"}
{"level":30,"time":1780409407774,"pid":2264,"hostname":"DESKTOP-HFFR74R","reqId":"req-gk","res":{"statusCode":200},"responseTime":0.45810000598430634,"msg":"request completed"}
{"level":30,"time":1780409407779,"pid":2264,"hostname":"DESKTOP-HFFR74R","reqId":"req-gl","req":{"method":"GET","url":"/api/settings"},"msg":"incoming request"}
{"level":30,"time":1780409407779,"pid":2264,"hostname":"DESKTOP-HFFR74R","reqId":"req-gl","res":{"statusCode":200},"responseTime":0.42179999500513077,"msg":"request completed"}
{"level":30,"time":1780409407782,"pid":2264,"hostname":"DESKTOP-HFFR74R","reqId":"req-gm","req":{"method":"GET","url":"/api/wallets"},"msg":"incoming request"}
{"level":30,"time":1780409407783,"pid":2264,"hostname":"DESKTOP-HFFR74R","reqId":"req-gm","res":{"statusCode":200},"responseTime":0.5397999957203865,"msg":"request completed"}
{"level":30,"time":1780409407785,"pid":2264,"hostname":"DESKTOP-HFFR74R","reqId":"req-gn","req":{"method":"GET","url":"/api/settings"},"msg":"incoming request"}
{"level":30,"time":1780409407786,"pid":2264,"hostname":"DESKTOP-HFFR74R","reqId":"req-gn","res":{"statusCode":200},"responseTime":0.4539000019431114,"msg":"request completed"}
{"level":30,"time":1780409412223,"pid":2264,"hostname":"DESKTOP-HFFR74R","reqId":"req-go","req":{"method":"GET","url":"/api/wallets"},"msg":"incoming request"}
{"level":30,"time":1780409412224,"pid":2264,"hostname":"DESKTOP-HFFR74R","reqId":"req-go","res":{"statusCode":200},"responseTime":0.5258999988436699,"msg":"request completed"}
{"level":30,"time":1780409412224,"pid":2264,"hostname":"DESKTOP-HFFR74R","reqId":"req-gp","req":{"method":"GET","url":"/api/settings"},"msg":"incoming request"}
{"level":30,"time":1780409412224,"pid":2264,"hostname":"DESKTOP-HFFR74R","reqId":"req-gp","res":{"statusCode":200},"responseTime":0.37460000067949295,"msg":"request completed"}
{"level":30,"time":1780409953407,"pid":2264,"hostname":"DESKTOP-HFFR74R","reqId":"req-gq","req":{"method":"GET","url":"/api/wallets"},"msg":"incoming request"}
{"level":30,"time":1780409953408,"pid":2264,"hostname":"DESKTOP-HFFR74R","reqId":"req-gq","res":{"statusCode":200},"responseTime":0.4438999965786934,"msg":"request completed"}
{"level":30,"time":1780409953409,"pid":2264,"hostname":"DESKTOP-HFFR74R","reqId":"req-gr","req":{"method":"GET","url":"/api/settings"},"msg":"incoming request"}
{"level":30,"time":1780409953409,"pid":2264,"hostname":"DESKTOP-HFFR74R","reqId":"req-gr","res":{"statusCode":200},"responseTime":0.3408999964594841,"msg":"request completed"}
{"level":30,"time":1780409953409,"pid":2264,"hostname":"DESKTOP-HFFR74R","reqId":"req-gs","req":{"method":"GET","url":"/api/wallets"},"msg":"incoming request"}
{"level":30,"time":1780409953410,"pid":2264,"hostname":"DESKTOP-HFFR74R","reqId":"req-gs","res":{"statusCode":200},"responseTime":0.39079999923706055,"msg":"request completed"}
{"level":30,"time":1780409953411,"pid":2264,"hostname":"DESKTOP-HFFR74R","reqId":"req-gt","req":{"method":"GET","url":"/api/settings"},"msg":"incoming request"}
{"level":30,"time":1780409953411,"pid":2264,"hostname":"DESKTOP-HFFR74R","reqId":"req-gt","res":{"statusCode":200},"responseTime":0.4025000035762787,"msg":"request completed"}
{"level":30,"time":1780409957542,"pid":2264,"hostname":"DESKTOP-HFFR74R","reqId":"req-gu","req":{"method":"GET","url":"/api/wallets"},"msg":"incoming request"}
{"level":30,"time":1780409957543,"pid":2264,"hostname":"DESKTOP-HFFR74R","reqId":"req-gu","res":{"statusCode":200},"responseTime":0.2939999997615814,"msg":"request completed"}
{"level":30,"time":1780409957543,"pid":2264,"hostname":"DESKTOP-HFFR74R","reqId":"req-gv","req":{"method":"GET","url":"/api/settings"},"msg":"incoming request"}
{"level":30,"time":1780409957544,"pid":2264,"hostname":"DESKTOP-HFFR74R","reqId":"req-gv","res":{"statusCode":200},"responseTime":0.2638999968767166,"msg":"request completed"}
{"level":30,"time":1780410146430,"pid":2264,"hostname":"DESKTOP-HFFR74R","reqId":"req-gw","req":{"method":"GET","url":"/api/wallets"},"msg":"incoming request"}
{"level":30,"time":1780410146431,"pid":2264,"hostname":"DESKTOP-HFFR74R","reqId":"req-gw","res":{"statusCode":200},"responseTime":0.5789000019431114,"msg":"request completed"}
{"level":30,"time":1780410146431,"pid":2264,"hostname":"DESKTOP-HFFR74R","reqId":"req-gx","req":{"method":"GET","url":"/api/settings"},"msg":"incoming request"}
{"level":30,"time":1780410146431,"pid":2264,"hostname":"DESKTOP-HFFR74R","reqId":"req-gx","res":{"statusCode":200},"responseTime":0.3425000011920929,"msg":"request completed"}
{"level":30,"time":1780410151644,"pid":2264,"hostname":"DESKTOP-HFFR74R","reqId":"req-gy","req":{"method":"GET","url":"/api/wallets"},"msg":"incoming request"}
{"level":30,"time":1780410151644,"pid":2264,"hostname":"DESKTOP-HFFR74R","reqId":"req-gy","res":{"statusCode":200},"responseTime":0.40789999812841415,"msg":"request completed"}
{"level":30,"time":1780410151645,"pid":2264,"hostname":"DESKTOP-HFFR74R","reqId":"req-gz","req":{"method":"GET","url":"/api/settings"},"msg":"incoming request"}
{"level":30,"time":1780410151646,"pid":2264,"hostname":"DESKTOP-HFFR74R","reqId":"req-gz","res":{"statusCode":200},"responseTime":0.45589999854564667,"msg":"request completed"}
{"level":30,"time":1780410182638,"pid":2264,"hostname":"DESKTOP-HFFR74R","reqId":"req-h0","req":{"method":"GET","url":"/api/wallets"},"msg":"incoming request"}
{"level":30,"time":1780410182639,"pid":2264,"hostname":"DESKTOP-HFFR74R","reqId":"req-h0","res":{"statusCode":200},"responseTime":0.32340000569820404,"msg":"request completed"}
{"level":30,"time":1780410182639,"pid":2264,"hostname":"DESKTOP-HFFR74R","reqId":"req-h1","req":{"method":"GET","url":"/api/settings"},"msg":"incoming request"}
{"level":30,"time":1780410182639,"pid":2264,"hostname":"DESKTOP-HFFR74R","reqId":"req-h1","res":{"statusCode":200},"responseTime":0.22610000520944595,"msg":"request completed"}
{"level":30,"time":1780410269641,"pid":2264,"hostname":"DESKTOP-HFFR74R","reqId":"req-h2","req":{"method":"GET","url":"/api/wallets"},"msg":"incoming request"}
{"level":30,"time":1780410269642,"pid":2264,"hostname":"DESKTOP-HFFR74R","reqId":"req-h2","res":{"statusCode":200},"responseTime":0.6024999991059303,"msg":"request completed"}
{"level":30,"time":1780410269642,"pid":2264,"hostname":"DESKTOP-HFFR74R","reqId":"req-h3","req":{"method":"GET","url":"/api/settings"},"msg":"incoming request"}
{"level":30,"time":1780410269643,"pid":2264,"hostname":"DESKTOP-HFFR74R","reqId":"req-h3","res":{"statusCode":200},"responseTime":0.3312999978661537,"msg":"request completed"}
